Workbook

Sheet T_MST_RPT_CAT
A1: CATEGORY ID | B1: ACCN_TYPE | C1: ROLE | D1: APPSCODE | E1: REPORT DESCRIPTION | F1: OTHERS DESCRIPTION | G1: STATUS | H1: SCRIPT
A2: OP_ADMIN | B2: ACC_TYPE_TO | C2: OP_ADMIN | D2: CKT | E2: Operations Report | G2: A | H2: =CONCATENATE("INSERT INTO `T_MST_RPT_CAT` (`RPTC_CAT`,`RPTC_ACCN_TYPE`,`RPTC_ROLE_ID`,`RPTC_APPSID`,`RPTC_DESC`,`RPTC_DESC_OTH`,`RPTC_STATUS`,`RPTC_UID_CREATE`,`RPTC_DT_CREATE`,`RPTC_UID_LUPD`,`RPTC_DT_LUPD`) ") -> INSERT INTO `T_MST_RPT_CAT` (`RPTC_CAT`,`RPTC_ACCN_TYPE`,`RPTC_ROLE_ID`,`RPTC_APPSID`,`RPTC_DESC`,`RPTC_DESC_OTH`,`RPTC_STATUS`,`RPTC_UID_CREATE`,`RPTC_DT_CREATE`,`RPTC_UID_LUPD`,`RPTC_DT_LUPD`) | I2: =CONCATENATE(" VALUES('",A2,"','",B2,"','",C2,"','",D2,"','",E2,"','",F2,"','",G2,"','SYS',NOW(),'SYS',NOW());") -> VALUES('OP_ADMIN','ACC_TYPE_TO','OP_ADMIN','CKT','Operations Report','','A','SYS',NOW(),'SYS',NOW()); | J2: =CONCATENATE(H2, I2) -> INSERT INTO `T_MST_RPT_CAT` (`RPTC_CAT`,`RPTC_ACCN_TYPE`,`RPTC_ROLE_ID`,`RPTC_APPSID`,`RPTC_DESC`,`RPTC_DESC_OTH`,`RPTC_STATUS`,`RPTC_UID_CREATE`,`RPTC_DT_CREATE`,`RPTC_UID_LUPD`,`RPTC_DT_LUPD`) VALUES('OP_ADMIN','ACC_TYPE_TO','OP_ADMIN','CKT','Operations Report','','A','SYS',NOW(),'SYS',NOW());
A3: OP_ADMIN | B3: ACC_TYPE_CO | C3: OP_ADMIN | D3: CKT | E3: Operations Report | G3: A | H3: =CONCATENATE("INSERT INTO `T_MST_RPT_CAT` (`RPTC_CAT`,`RPTC_ACCN_TYPE`,`RPTC_ROLE_ID`,`RPTC_APPSID`,`RPTC_DESC`,`RPTC_DESC_OTH`,`RPTC_STATUS`,`RPTC_UID_CREATE`,`RPTC_DT_CREATE`,`RPTC_UID_LUPD`,`RPTC_DT_LUPD`) ") -> INSERT INTO `T_MST_RPT_CAT` (`RPTC_CAT`,`RPTC_ACCN_TYPE`,`RPTC_ROLE_ID`,`RPTC_APPSID`,`RPTC_DESC`,`RPTC_DESC_OTH`,`RPTC_STATUS`,`RPTC_UID_CREATE`,`RPTC_DT_CREATE`,`RPTC_UID_LUPD`,`RPTC_DT_LUPD`) | I3: =CONCATENATE(" VALUES('",A3,"','",B3,"','",C3,"','",D3,"','",E3,"','",F3,"','",G3,"','SYS',NOW(),'SYS',NOW());") -> VALUES('OP_ADMIN','ACC_TYPE_CO','OP_ADMIN','CKT','Operations Report','','A','SYS',NOW(),'SYS',NOW()); | J3: =CONCATENATE(H3, I3) -> INSERT INTO `T_MST_RPT_CAT` (`RPTC_CAT`,`RPTC_ACCN_TYPE`,`RPTC_ROLE_ID`,`RPTC_APPSID`,`RPTC_DESC`,`RPTC_DESC_OTH`,`RPTC_STATUS`,`RPTC_UID_CREATE`,`RPTC_DT_CREATE`,`RPTC_UID_LUPD`,`RPTC_DT_LUPD`) VALUES('OP_ADMIN','ACC_TYPE_CO','OP_ADMIN','CKT','Operations Report','','A','SYS',NOW(),'SYS',NOW());

Sheet T_CORE_RPT
A1: REPORT ID | B1: ACCOUNT TYPE | C1: APPSCODE | D1: REPORT CATEOGRY | E1: ROLE | F1: Name | G1: TITLE | H1: LANDSCAPE | I1: SHOW | J1: JSPR | K1: BORDER
A2: RPT_ALL_JOBS_TO | B2: ACC_TYPE_TO | C2: CKT | D2: OP_ADMIN | E2: OP_ADMIN | F2: All Jobs | G2: All Jobs | H2: Y | I2: Y | J2: N | K2: N | L2: =CONCATENATE("INSERT INTO `T_CORE_RPT`(`RPT_RPTID`,`RPT_ACCN_TYPE`,`RPT_APPSID`,`RPT_CAT`,`RPT_ROLE_ID`,`RPT_NAME`,`RPT_TITLE`,`RPT_LANDSCAPE`,`RPT_SHOW`,`RPT_JSPR`,`RPT_BORDER`,`RPT_DT_CRT`,`RPT_UID_CRT`,`RPT_DT_LUPD`,`RPT_UID_LUPD`)") -> INSERT INTO `T_CORE_RPT`(`RPT_RPTID`,`RPT_ACCN_TYPE`,`RPT_APPSID`,`RPT_CAT`,`RPT_ROLE_ID`,`RPT_NAME`,`RPT_TITLE`,`RPT_LANDSCAPE`,`RPT_SHOW`,`RPT_JSPR`,`RPT_BORDER`,`RPT_DT_CRT`,`RPT_UID_CRT`,`RPT_DT_LUPD`,`RPT_UID_LUPD`) | M2: =CONCATENATE(" VALUES('",A2,"','",B2,"','",C2,"','",D2,"','",E2,"','",F2,"','",G2,"','",H2,"','",I2,"','",J2,"','",K2,"',NOW(),'SYS',NOW(), 'SYS');") -> VALUES('RPT_ALL_JOBS_TO','ACC_TYPE_TO','CKT','OP_ADMIN','OP_ADMIN','All Jobs','All Jobs','Y','Y','N','N',NOW(),'SYS',NOW(), 'SYS'); | N2: =CONCATENATE(L2,M2) -> INSERT INTO `T_CORE_RPT`(`RPT_RPTID`,`RPT_ACCN_TYPE`,`RPT_APPSID`,`RPT_CAT`,`RPT_ROLE_ID`,`RPT_NAME`,`RPT_TITLE`,`RPT_LANDSCAPE`,`RPT_SHOW`,`RPT_JSPR`,`RPT_BORDER`,`RPT_DT_CRT`,`RPT_UID_CRT`,`RPT_DT_LUPD`,`RPT_UID_LUPD`) VALUES('RPT_ALL_JOBS_TO','ACC_TYPE_TO','CKT','OP_ADMIN','OP_ADMIN','All Jobs','All Jobs','Y','Y','N','N',NOW(),'SYS',NOW(), 'SYS');
A3: RPT_ALL_JOBS_CO | B3: ACC_TYPE_CO | C3: CKT | D3: OP_ADMIN | E3: OP_ADMIN | F3: All Jobs | G3: All Jobs | H3: Y | I3: Y | J3: N | K3: N | L3: =CONCATENATE("INSERT INTO `T_CORE_RPT`(`RPT_RPTID`,`RPT_ACCN_TYPE`,`RPT_APPSID`,`RPT_CAT`,`RPT_ROLE_ID`,`RPT_NAME`,`RPT_TITLE`,`RPT_LANDSCAPE`,`RPT_SHOW`,`RPT_JSPR`,`RPT_BORDER`,`RPT_DT_CRT`,`RPT_UID_CRT`,`RPT_DT_LUPD`,`RPT_UID_LUPD`)") -> INSERT INTO `T_CORE_RPT`(`RPT_RPTID`,`RPT_ACCN_TYPE`,`RPT_APPSID`,`RPT_CAT`,`RPT_ROLE_ID`,`RPT_NAME`,`RPT_TITLE`,`RPT_LANDSCAPE`,`RPT_SHOW`,`RPT_JSPR`,`RPT_BORDER`,`RPT_DT_CRT`,`RPT_UID_CRT`,`RPT_DT_LUPD`,`RPT_UID_LUPD`) | M3: =CONCATENATE(" VALUES('",A3,"','",B3,"','",C3,"','",D3,"','",E3,"','",F3,"','",G3,"','",H3,"','",I3,"','",J3,"','",K3,"',NOW(),'SYS',NOW(), 'SYS');") -> VALUES('RPT_ALL_JOBS_CO','ACC_TYPE_CO','CKT','OP_ADMIN','OP_ADMIN','All Jobs','All Jobs','Y','Y','N','N',NOW(),'SYS',NOW(), 'SYS'); | N3: =CONCATENATE(L3,M3) -> INSERT INTO `T_CORE_RPT`(`RPT_RPTID`,`RPT_ACCN_TYPE`,`RPT_APPSID`,`RPT_CAT`,`RPT_ROLE_ID`,`RPT_NAME`,`RPT_TITLE`,`RPT_LANDSCAPE`,`RPT_SHOW`,`RPT_JSPR`,`RPT_BORDER`,`RPT_DT_CRT`,`RPT_UID_CRT`,`RPT_DT_LUPD`,`RPT_UID_LUPD`) VALUES('RPT_ALL_JOBS_CO','ACC_TYPE_CO','CKT','OP_ADMIN','OP_ADMIN','All Jobs','All Jobs','Y','Y','N','N',NOW(),'SYS',NOW(), 'SYS');
A4: RPT_JOBS_DISCREPANCY_TO | B4: ACC_TYPE_TO | C4: CKT | D4: OP_ADMIN | E4: OP_ADMIN | F4: Jobs with Discripancies/Deviations | G4: Jobs with Discripancies/Deviations | H4: Y | I4: Y | J4: N | K4: N | L4: =CONCATENATE("INSERT INTO `T_CORE_RPT`(`RPT_RPTID`,`RPT_ACCN_TYPE`,`RPT_APPSID`,`RPT_CAT`,`RPT_ROLE_ID`,`RPT_NAME`,`RPT_TITLE`,`RPT_LANDSCAPE`,`RPT_SHOW`,`RPT_JSPR`,`RPT_BORDER`,`RPT_DT_CRT`,`RPT_UID_CRT`,`RPT_DT_LUPD`,`RPT_UID_LUPD`)") -> INSERT INTO `T_CORE_RPT`(`RPT_RPTID`,`RPT_ACCN_TYPE`,`RPT_APPSID`,`RPT_CAT`,`RPT_ROLE_ID`,`RPT_NAME`,`RPT_TITLE`,`RPT_LANDSCAPE`,`RPT_SHOW`,`RPT_JSPR`,`RPT_BORDER`,`RPT_DT_CRT`,`RPT_UID_CRT`,`RPT_DT_LUPD`,`RPT_UID_LUPD`) | M4: =CONCATENATE(" VALUES('",A4,"','",B4,"','",C4,"','",D4,"','",E4,"','",F4,"','",G4,"','",H4,"','",I4,"','",J4,"','",K4,"',NOW(),'SYS',NOW(), 'SYS');") -> VALUES('RPT_JOBS_DISCREPANCY_TO','ACC_TYPE_TO','CKT','OP_ADMIN','OP_ADMIN','Jobs with Discripancies/Deviations','Jobs with Discripancies/Deviations','Y','Y','N','N',NOW(),'SYS',NOW(), 'SYS'); | N4: =CONCATENATE(L4,M4) -> INSERT INTO `T_CORE_RPT`(`RPT_RPTID`,`RPT_ACCN_TYPE`,`RPT_APPSID`,`RPT_CAT`,`RPT_ROLE_ID`,`RPT_NAME`,`RPT_TITLE`,`RPT_LANDSCAPE`,`RPT_SHOW`,`RPT_JSPR`,`RPT_BORDER`,`RPT_DT_CRT`,`RPT_UID_CRT`,`RPT_DT_LUPD`,`RPT_UID_LUPD`) VALUES('RPT_JOBS_DISCREPANCY_TO','ACC_TYPE_TO','CKT','OP_ADMIN','OP_ADMIN','Jobs with Discripancies/Deviations','Jobs with Discripancies/Deviations','Y','Y','N','N',NOW(),'SYS',NOW(), 'SYS');
A5: RPT_JOBS_DISCREPANCY_CO | B5: ACC_TYPE_CO | C5: CKT | D5: OP_ADMIN | E5: OP_ADMIN | F5: Jobs with Discripancies/Deviations | G5: Jobs with Discripancies/Deviations | H5: Y | I5: Y | J5: N | K5: N | L5: =CONCATENATE("INSERT INTO `T_CORE_RPT`(`RPT_RPTID`,`RPT_ACCN_TYPE`,`RPT_APPSID`,`RPT_CAT`,`RPT_ROLE_ID`,`RPT_NAME`,`RPT_TITLE`,`RPT_LANDSCAPE`,`RPT_SHOW`,`RPT_JSPR`,`RPT_BORDER`,`RPT_DT_CRT`,`RPT_UID_CRT`,`RPT_DT_LUPD`,`RPT_UID_LUPD`)") -> INSERT INTO `T_CORE_RPT`(`RPT_RPTID`,`RPT_ACCN_TYPE`,`RPT_APPSID`,`RPT_CAT`,`RPT_ROLE_ID`,`RPT_NAME`,`RPT_TITLE`,`RPT_LANDSCAPE`,`RPT_SHOW`,`RPT_JSPR`,`RPT_BORDER`,`RPT_DT_CRT`,`RPT_UID_CRT`,`RPT_DT_LUPD`,`RPT_UID_LUPD`) | M5: =CONCATENATE(" VALUES('",A5,"','",B5,"','",C5,"','",D5,"','",E5,"','",F5,"','",G5,"','",H5,"','",I5,"','",J5,"','",K5,"',NOW(),'SYS',NOW(), 'SYS');") -> VALUES('RPT_JOBS_DISCREPANCY_CO','ACC_TYPE_CO','CKT','OP_ADMIN','OP_ADMIN','Jobs with Discripancies/Deviations','Jobs with Discripancies/Deviations','Y','Y','N','N',NOW(),'SYS',NOW(), 'SYS'); | N5: =CONCATENATE(L5,M5) -> INSERT INTO `T_CORE_RPT`(`RPT_RPTID`,`RPT_ACCN_TYPE`,`RPT_APPSID`,`RPT_CAT`,`RPT_ROLE_ID`,`RPT_NAME`,`RPT_TITLE`,`RPT_LANDSCAPE`,`RPT_SHOW`,`RPT_JSPR`,`RPT_BORDER`,`RPT_DT_CRT`,`RPT_UID_CRT`,`RPT_DT_LUPD`,`RPT_UID_LUPD`) VALUES('RPT_JOBS_DISCREPANCY_CO','ACC_TYPE_CO','CKT','OP_ADMIN','OP_ADMIN','Jobs with Discripancies/Deviations','Jobs with Discripancies/Deviations','Y','Y','N','N',NOW(),'SYS',NOW(), 'SYS');

Sheet T_CORE_RPT_ACL
A1: REPORT ID | B1: ACCN TYPE | C1: ROLE | D1: APPSCODE | E1: ACCNID
A2: RPT_ALL_JOBS_TO | B2: ACC_TYPE_TO | C2: OP_ADMIN | D2: CKT | E2: BERAM | F2: =CONCATENATE("INSERT INTO `T_CORE_RPT_ACL`(`RPTA_RPTID`,`RPTA_ACCN_TYPE`,`RPTA_ROLEID`,`RPTA_APPSID`,`RPTA_ACCNID`) VALUES('",A2,"','",B2,"','",C2,"','",D2,"','",E2,"');") -> INSERT INTO `T_CORE_RPT_ACL`(`RPTA_RPTID`,`RPTA_ACCN_TYPE`,`RPTA_ROLEID`,`RPTA_APPSID`,`RPTA_ACCNID`) VALUES('RPT_ALL_JOBS_TO','ACC_TYPE_TO','OP_ADMIN','CKT','BERAM');
A3: RPT_ALL_JOBS_CO | B3: ACC_TYPE_CO | C3: OP_ADMIN | D3: CKT | E3: ALKNAR | F3: =CONCATENATE("INSERT INTO `T_CORE_RPT_ACL`(`RPTA_RPTID`,`RPTA_ACCN_TYPE`,`RPTA_ROLEID`,`RPTA_APPSID`,`RPTA_ACCNID`) VALUES('",A3,"','",B3,"','",C3,"','",D3,"','",E3,"');") -> INSERT INTO `T_CORE_RPT_ACL`(`RPTA_RPTID`,`RPTA_ACCN_TYPE`,`RPTA_ROLEID`,`RPTA_APPSID`,`RPTA_ACCNID`) VALUES('RPT_ALL_JOBS_CO','ACC_TYPE_CO','OP_ADMIN','CKT','ALKNAR');
A4: RPT_JOBS_DISCREPANCY_TO | B4: ACC_TYPE_TO | C4: OP_ADMIN | D4: CKT | E4: FEDEX | F4: =CONCATENATE("INSERT INTO `T_CORE_RPT_ACL`(`RPTA_RPTID`,`RPTA_ACCN_TYPE`,`RPTA_ROLEID`,`RPTA_APPSID`,`RPTA_ACCNID`) VALUES('",A4,"','",B4,"','",C4,"','",D4,"','",E4,"');") -> INSERT INTO `T_CORE_RPT_ACL`(`RPTA_RPTID`,`RPTA_ACCN_TYPE`,`RPTA_ROLEID`,`RPTA_APPSID`,`RPTA_ACCNID`) VALUES('RPT_JOBS_DISCREPANCY_TO','ACC_TYPE_TO','OP_ADMIN','CKT','FEDEX');
A5: RPT_JOBS_DISCREPANCY_CO | B5: ACC_TYPE_CO | C5: OP_ADMIN | D5: CKT | E5: ALKNAR | F5: =CONCATENATE("INSERT INTO `T_CORE_RPT_ACL`(`RPTA_RPTID`,`RPTA_ACCN_TYPE`,`RPTA_ROLEID`,`RPTA_APPSID`,`RPTA_ACCNID`) VALUES('",A5,"','",B5,"','",C5,"','",D5,"','",E5,"');") -> INSERT INTO `T_CORE_RPT_ACL`(`RPTA_RPTID`,`RPTA_ACCN_TYPE`,`RPTA_ROLEID`,`RPTA_APPSID`,`RPTA_ACCNID`) VALUES('RPT_JOBS_DISCREPANCY_CO','ACC_TYPE_CO','OP_ADMIN','CKT','ALKNAR');

Sheet T_CORE_RPT_FILTER
A1: REPORT ID | B1: ACCN TYPE | C1: INDEX | D1: FILTER NAME | E1: FILTER TYPE | F1: CAPTION LABEL | G1: BASIC ROW | H1: LIST BOX TBL | I1: LISTBOX OPTION ID | J1: LISTBOX NAME OPTION | K1: SHOW | L1: DEFVALUE | M1: IFNULLVAL | N1: MANDATORY
A2: RPT_ALL_JOBS_TO | B2: ACC_TYPE_TO | C2: 0 | D2: JOB_STATE | E2: L | F2: Job State | G2: 1 | H2: LIST | I2: ALL,SUB,CAN,DLV,ACP,ONGOING | J2: ALL,SUBMITTED,CANCELLED,DELIVERED,ACCEPTED,ONGOING | K2: Y | L2: SUB | M2: SUB | N2: N | O2: =CONCATENATE("INSERT INTO `T_CORE_RPT_FILTER`(`RPTF_ID`,`RPTF_ACCN_TYPE`,`RPTF_IDX`,`RPTF_NAME`,`RPTF_FILTYPE`,`RPTF_CAPTION`,`RPTF_BASIC_ROW`,`RPTF_LISTBOX_TBL`,`RPTF_LISTBOX_IDCOL`,`RPTF_LISTBOX_CAPCOL`,`RPTF_SHOW`,`RPTF_DEFVAL`,`RPTF_IFNULLVAL`,`RPTF_MANDATORY`)") -> INSERT INTO `T_CORE_RPT_FILTER`(`RPTF_ID`,`RPTF_ACCN_TYPE`,`RPTF_IDX`,`RPTF_NAME`,`RPTF_FILTYPE`,`RPTF_CAPTION`,`RPTF_BASIC_ROW`,`RPTF_LISTBOX_TBL`,`RPTF_LISTBOX_IDCOL`,`RPTF_LISTBOX_CAPCOL`,`RPTF_SHOW`,`RPTF_DEFVAL`,`RPTF_IFNULLVAL`,`RPTF_MANDATORY`) | P2: =CONCATENATE(" VALUES('",A2,"','",B2,"','",C2,"','",D2,"','",E2,"','",F2,"','",G2,"',",IF(H2="NULL","NULL",CONCATENATE("'",H2,"'")),",",IF(I2="NULL","NULL",CONCATENATE("'",I2,"'")),",",IF(J2="NULL","NULL",CONCATENATE("'",J2,"'")),",'",K2,"',",IF(L2="NULL","NULL",CONCATENATE("'",L2,"'")),",",IF(M2="NULL","NULL",CONCATENATE("'",M2,"'")),",'",N2,"');") -> VALUES('RPT_ALL_JOBS_TO','ACC_TYPE_TO','0','JOB_STATE','L','Job State','1','LIST','ALL,SUB,CAN,DLV,ACP,ONGOING','ALL,SUBMITTED,CANCELLED,DELIVERED,ACCEPTED,ONGOING','Y','SUB','SUB','N'); | R2: =CONCATENATE(O2,P2) -> INSERT INTO `T_CORE_RPT_FILTER`(`RPTF_ID`,`RPTF_ACCN_TYPE`,`RPTF_IDX`,`RPTF_NAME`,`RPTF_FILTYPE`,`RPTF_CAPTION`,`RPTF_BASIC_ROW`,`RPTF_LISTBOX_TBL`,`RPTF_LISTBOX_IDCOL`,`RPTF_LISTBOX_CAPCOL`,`RPTF_SHOW`,`RPTF_DEFVAL`,`RPTF_IFNULLVAL`,`RPTF_MANDATORY`) VALUES('RPT_ALL_JOBS_TO','ACC_TYPE_TO','0','JOB_STATE','L','Job State','1','LIST','ALL,SUB,CAN,DLV,ACP,ONGOING','ALL,SUBMITTED,CANCELLED,DELIVERED,ACCEPTED,ONGOING','Y','SUB','SUB','N');
A3: RPT_ALL_JOBS_TO | B3: ACC_TYPE_TO | C3: 1 | D3: JOB_PROCESS_VIA | E3: L | F3: Process Via | G3: 2 | H3: LIST | I3: ALL,MOBILE,WEB | J3: ALL,MOBILE,WEB | K3: Y | L3: NULL | M3: NULL | N3: N | O3: =CONCATENATE("INSERT INTO `T_CORE_RPT_FILTER`(`RPTF_ID`,`RPTF_ACCN_TYPE`,`RPTF_IDX`,`RPTF_NAME`,`RPTF_FILTYPE`,`RPTF_CAPTION`,`RPTF_BASIC_ROW`,`RPTF_LISTBOX_TBL`,`RPTF_LISTBOX_IDCOL`,`RPTF_LISTBOX_CAPCOL`,`RPTF_SHOW`,`RPTF_DEFVAL`,`RPTF_IFNULLVAL`,`RPTF_MANDATORY`)") -> INSERT INTO `T_CORE_RPT_FILTER`(`RPTF_ID`,`RPTF_ACCN_TYPE`,`RPTF_IDX`,`RPTF_NAME`,`RPTF_FILTYPE`,`RPTF_CAPTION`,`RPTF_BASIC_ROW`,`RPTF_LISTBOX_TBL`,`RPTF_LISTBOX_IDCOL`,`RPTF_LISTBOX_CAPCOL`,`RPTF_SHOW`,`RPTF_DEFVAL`,`RPTF_IFNULLVAL`,`RPTF_MANDATORY`) | P3: =CONCATENATE(" VALUES('",A3,"','",B3,"','",C3,"','",D3,"','",E3,"','",F3,"','",G3,"',",IF(H3="NULL","NULL",CONCATENATE("'",H3,"'")),",",IF(I3="NULL","NULL",CONCATENATE("'",I3,"'")),",",IF(J3="NULL","NULL",CONCATENATE("'",J3,"'")),",'",K3,"',",IF(L3="NULL","NULL",CONCATENATE("'",L3,"'")),",",IF(M3="NULL","NULL",CONCATENATE("'",M3,"'")),",'",N3,"');") -> VALUES('RPT_ALL_JOBS_TO','ACC_TYPE_TO','1','JOB_PROCESS_VIA','L','Process Via','2','LIST','ALL,MOBILE,WEB','ALL,MOBILE,WEB','Y',NULL,NULL,'N'); | R3: =CONCATENATE(O3,P3) -> INSERT INTO `T_CORE_RPT_FILTER`(`RPTF_ID`,`RPTF_ACCN_TYPE`,`RPTF_IDX`,`RPTF_NAME`,`RPTF_FILTYPE`,`RPTF_CAPTION`,`RPTF_BASIC_ROW`,`RPTF_LISTBOX_TBL`,`RPTF_LISTBOX_IDCOL`,`RPTF_LISTBOX_CAPCOL`,`RPTF_SHOW`,`RPTF_DEFVAL`,`RPTF_IFNULLVAL`,`RPTF_MANDATORY`) VALUES('RPT_ALL_JOBS_TO','ACC_TYPE_TO','1','JOB_PROCESS_VIA','L','Process Via','2','LIST','ALL,MOBILE,WEB','ALL,MOBILE,WEB','Y',NULL,NULL,'N');
A4: RPT_ALL_JOBS_TO | B4: ACC_TYPE_TO | C4: 2 | D4: RCD_DT_CANCEL | E4: R | F4: Date Cancelled | G4: 3 | H4: NULL | I4: NULL | J4: NULL | K4: Y | L4: NULL | M4: NULL | N4: N | O4: =CONCATENATE("INSERT INTO `T_CORE_RPT_FILTER`(`RPTF_ID`,`RPTF_ACCN_TYPE`,`RPTF_IDX`,`RPTF_NAME`,`RPTF_FILTYPE`,`RPTF_CAPTION`,`RPTF_BASIC_ROW`,`RPTF_LISTBOX_TBL`,`RPTF_LISTBOX_IDCOL`,`RPTF_LISTBOX_CAPCOL`,`RPTF_SHOW`,`RPTF_DEFVAL`,`RPTF_IFNULLVAL`,`RPTF_MANDATORY`)") -> INSERT INTO `T_CORE_RPT_FILTER`(`RPTF_ID`,`RPTF_ACCN_TYPE`,`RPTF_IDX`,`RPTF_NAME`,`RPTF_FILTYPE`,`RPTF_CAPTION`,`RPTF_BASIC_ROW`,`RPTF_LISTBOX_TBL`,`RPTF_LISTBOX_IDCOL`,`RPTF_LISTBOX_CAPCOL`,`RPTF_SHOW`,`RPTF_DEFVAL`,`RPTF_IFNULLVAL`,`RPTF_MANDATORY`) | P4: =CONCATENATE(" VALUES('",A4,"','",B4,"','",C4,"','",D4,"','",E4,"','",F4,"','",G4,"',",IF(H4="NULL","NULL",CONCATENATE("'",H4,"'")),",",IF(I4="NULL","NULL",CONCATENATE("'",I4,"'")),",",IF(J4="NULL","NULL",CONCATENATE("'",J4,"'")),",'",K4,"',",IF(L4="NULL","NULL",CONCATENATE("'",L4,"'")),",",IF(M4="NULL","NULL",CONCATENATE("'",M4,"'")),",'",N4,"');") -> VALUES('RPT_ALL_JOBS_TO','ACC_TYPE_TO','2','RCD_DT_CANCEL','R','Date Cancelled','3',NULL,NULL,NULL,'Y',NULL,NULL,'N'); | R4: =CONCATENATE(O4,P4) -> INSERT INTO `T_CORE_RPT_FILTER`(`RPTF_ID`,`RPTF_ACCN_TYPE`,`RPTF_IDX`,`RPTF_NAME`,`RPTF_FILTYPE`,`RPTF_CAPTION`,`RPTF_BASIC_ROW`,`RPTF_LISTBOX_TBL`,`RPTF_LISTBOX_IDCOL`,`RPTF_LISTBOX_CAPCOL`,`RPTF_SHOW`,`RPTF_DEFVAL`,`RPTF_IFNULLVAL`,`RPTF_MANDATORY`) VALUES('RPT_ALL_JOBS_TO','ACC_TYPE_TO','2','RCD_DT_CANCEL','R','Date Cancelled','3',NULL,NULL,NULL,'Y',NULL,NULL,'N');
A5: RPT_ALL_JOBS_TO | B5: ACC_TYPE_TO | C5: 3 | D5: RCD_DT_COMPLETE | E5: R | F5: Date Completed | G5: 4 | H5: NULL | I5: NULL | J5: NULL | K5: Y | L5: NULL | M5: NULL | N5: N | O5: =CONCATENATE("INSERT INTO `T_CORE_RPT_FILTER`(`RPTF_ID`,`RPTF_ACCN_TYPE`,`RPTF_IDX`,`RPTF_NAME`,`RPTF_FILTYPE`,`RPTF_CAPTION`,`RPTF_BASIC_ROW`,`RPTF_LISTBOX_TBL`,`RPTF_LISTBOX_IDCOL`,`RPTF_LISTBOX_CAPCOL`,`RPTF_SHOW`,`RPTF_DEFVAL`,`RPTF_IFNULLVAL`,`RPTF_MANDATORY`)") -> INSERT INTO `T_CORE_RPT_FILTER`(`RPTF_ID`,`RPTF_ACCN_TYPE`,`RPTF_IDX`,`RPTF_NAME`,`RPTF_FILTYPE`,`RPTF_CAPTION`,`RPTF_BASIC_ROW`,`RPTF_LISTBOX_TBL`,`RPTF_LISTBOX_IDCOL`,`RPTF_LISTBOX_CAPCOL`,`RPTF_SHOW`,`RPTF_DEFVAL`,`RPTF_IFNULLVAL`,`RPTF_MANDATORY`) | P5: =CONCATENATE(" VALUES('",A5,"','",B5,"','",C5,"','",D5,"','",E5,"','",F5,"','",G5,"',",IF(H5="NULL","NULL",CONCATENATE("'",H5,"'")),",",IF(I5="NULL","NULL",CONCATENATE("'",I5,"'")),",",IF(J5="NULL","NULL",CONCATENATE("'",J5,"'")),",'",K5,"',",IF(L5="NULL","NULL",CONCATENATE("'",L5,"'")),",",IF(M5="NULL","NULL",CONCATENATE("'",M5,"'")),",'",N5,"');") -> VALUES('RPT_ALL_JOBS_TO','ACC_TYPE_TO','3','RCD_DT_COMPLETE','R','Date Completed','4',NULL,NULL,NULL,'Y',NULL,NULL,'N'); | R5: =CONCATENATE(O5,P5) -> INSERT INTO `T_CORE_RPT_FILTER`(`RPTF_ID`,`RPTF_ACCN_TYPE`,`RPTF_IDX`,`RPTF_NAME`,`RPTF_FILTYPE`,`RPTF_CAPTION`,`RPTF_BASIC_ROW`,`RPTF_LISTBOX_TBL`,`RPTF_LISTBOX_IDCOL`,`RPTF_LISTBOX_CAPCOL`,`RPTF_SHOW`,`RPTF_DEFVAL`,`RPTF_IFNULLVAL`,`RPTF_MANDATORY`) VALUES('RPT_ALL_JOBS_TO','ACC_TYPE_TO','3','RCD_DT_COMPLETE','R','Date Completed','4',NULL,NULL,NULL,'Y',NULL,NULL,'N');
A6: RPT_ALL_JOBS_TO | B6: ACC_TYPE_TO | C6: 4 | D6: RCD_DT_ACCEPTED | E6: R | F6: Date Accepted | G6: 5 | H6: NULL | I6: NULL | J6: NULL | K6: Y | N6: N | O6: =CONCATENATE("INSERT INTO `T_CORE_RPT_FILTER`(`RPTF_ID`,`RPTF_ACCN_TYPE`,`RPTF_IDX`,`RPTF_NAME`,`RPTF_FILTYPE`,`RPTF_CAPTION`,`RPTF_BASIC_ROW`,`RPTF_LISTBOX_TBL`,`RPTF_LISTBOX_IDCOL`,`RPTF_LISTBOX_CAPCOL`,`RPTF_SHOW`,`RPTF_DEFVAL`,`RPTF_IFNULLVAL`,`RPTF_MANDATORY`)") -> INSERT INTO `T_CORE_RPT_FILTER`(`RPTF_ID`,`RPTF_ACCN_TYPE`,`RPTF_IDX`,`RPTF_NAME`,`RPTF_FILTYPE`,`RPTF_CAPTION`,`RPTF_BASIC_ROW`,`RPTF_LISTBOX_TBL`,`RPTF_LISTBOX_IDCOL`,`RPTF_LISTBOX_CAPCOL`,`RPTF_SHOW`,`RPTF_DEFVAL`,`RPTF_IFNULLVAL`,`RPTF_MANDATORY`) | P6: =CONCATENATE(" VALUES('",A6,"','",B6,"','",C6,"','",D6,"','",E6,"','",F6,"','",G6,"',",IF(H6="NULL","NULL",CONCATENATE("'",H6,"'")),",",IF(I6="NULL","NULL",CONCATENATE("'",I6,"'")),",",IF(J6="NULL","NULL",CONCATENATE("'",J6,"'")),",'",K6,"',",IF(L6="NULL","NULL",CONCATENATE("'",L6,"'")),",",IF(M6="NULL","NULL",CONCATENATE("'",M6,"'")),",'",N6,"');") -> VALUES('RPT_ALL_JOBS_TO','ACC_TYPE_TO','4','RCD_DT_ACCEPTED','R','Date Accepted','5',NULL,NULL,NULL,'Y','','','N'); | R6: =CONCATENATE(O6,P6) -> INSERT INTO `T_CORE_RPT_FILTER`(`RPTF_ID`,`RPTF_ACCN_TYPE`,`RPTF_IDX`,`RPTF_NAME`,`RPTF_FILTYPE`,`RPTF_CAPTION`,`RPTF_BASIC_ROW`,`RPTF_LISTBOX_TBL`,`RPTF_LISTBOX_IDCOL`,`RPTF_LISTBOX_CAPCOL`,`RPTF_SHOW`,`RPTF_DEFVAL`,`RPTF_IFNULLVAL`,`RPTF_MANDATORY`) VALUES('RPT_ALL_JOBS_TO','ACC_TYPE_TO','4','RCD_DT_ACCEPTED','R','Date Accepted','5',NULL,NULL,NULL,'Y','','','N');
A7: RPT_ALL_JOBS_TO | B7: ACC_TYPE_TO | C7: 5 | D7: RCD_DT_START | E7: R | F7: Date Started | G7: 6 | H7: NULL | I7: NULL | J7: NULL | K7: Y | L7: NULL | M7: NULL | N7: N | O7: =CONCATENATE("INSERT INTO `T_CORE_RPT_FILTER`(`RPTF_ID`,`RPTF_ACCN_TYPE`,`RPTF_IDX`,`RPTF_NAME`,`RPTF_FILTYPE`,`RPTF_CAPTION`,`RPTF_BASIC_ROW`,`RPTF_LISTBOX_TBL`,`RPTF_LISTBOX_IDCOL`,`RPTF_LISTBOX_CAPCOL`,`RPTF_SHOW`,`RPTF_DEFVAL`,`RPTF_IFNULLVAL`,`RPTF_MANDATORY`)") -> INSERT INTO `T_CORE_RPT_FILTER`(`RPTF_ID`,`RPTF_ACCN_TYPE`,`RPTF_IDX`,`RPTF_NAME`,`RPTF_FILTYPE`,`RPTF_CAPTION`,`RPTF_BASIC_ROW`,`RPTF_LISTBOX_TBL`,`RPTF_LISTBOX_IDCOL`,`RPTF_LISTBOX_CAPCOL`,`RPTF_SHOW`,`RPTF_DEFVAL`,`RPTF_IFNULLVAL`,`RPTF_MANDATORY`) | P7: =CONCATENATE(" VALUES('",A7,"','",B7,"','",C7,"','",D7,"','",E7,"','",F7,"','",G7,"',",IF(H7="NULL","NULL",CONCATENATE("'",H7,"'")),",",IF(I7="NULL","NULL",CONCATENATE("'",I7,"'")),",",IF(J7="NULL","NULL",CONCATENATE("'",J7,"'")),",'",K7,"',",IF(L7="NULL","NULL",CONCATENATE("'",L7,"'")),",",IF(M7="NULL","NULL",CONCATENATE("'",M7,"'")),",'",N7,"');") -> VALUES('RPT_ALL_JOBS_TO','ACC_TYPE_TO','5','RCD_DT_START','R','Date Started','6',NULL,NULL,NULL,'Y',NULL,NULL,'N'); | R7: =CONCATENATE(O7,P7) -> INSERT INTO `T_CORE_RPT_FILTER`(`RPTF_ID`,`RPTF_ACCN_TYPE`,`RPTF_IDX`,`RPTF_NAME`,`RPTF_FILTYPE`,`RPTF_CAPTION`,`RPTF_BASIC_ROW`,`RPTF_LISTBOX_TBL`,`RPTF_LISTBOX_IDCOL`,`RPTF_LISTBOX_CAPCOL`,`RPTF_SHOW`,`RPTF_DEFVAL`,`RPTF_IFNULLVAL`,`RPTF_MANDATORY`) VALUES('RPT_ALL_JOBS_TO','ACC_TYPE_TO','5','RCD_DT_START','R','Date Started','6',NULL,NULL,NULL,'Y',NULL,NULL,'N');
O8: =CONCATENATE("INSERT INTO `T_CORE_RPT_FILTER`(`RPTF_ID`,`RPTF_ACCN_TYPE`,`RPTF_IDX`,`RPTF_NAME`,`RPTF_FILTYPE`,`RPTF_CAPTION`,`RPTF_BASIC_ROW`,`RPTF_LISTBOX_TBL`,`RPTF_LISTBOX_IDCOL`,`RPTF_LISTBOX_CAPCOL`,`RPTF_SHOW`,`RPTF_DEFVAL`,`RPTF_IFNULLVAL`,`RPTF_MANDATORY`)") -> INSERT INTO `T_CORE_RPT_FILTER`(`RPTF_ID`,`RPTF_ACCN_TYPE`,`RPTF_IDX`,`RPTF_NAME`,`RPTF_FILTYPE`,`RPTF_CAPTION`,`RPTF_BASIC_ROW`,`RPTF_LISTBOX_TBL`,`RPTF_LISTBOX_IDCOL`,`RPTF_LISTBOX_CAPCOL`,`RPTF_SHOW`,`RPTF_DEFVAL`,`RPTF_IFNULLVAL`,`RPTF_MANDATORY`) | P8: =CONCATENATE(" VALUES('",A8,"','",B8,"','",C8,"','",D8,"','",E8,"','",F8,"','",G8,"',",IF(H8="NULL","NULL",CONCATENATE("'",H8,"'")),",",IF(I8="NULL","NULL",CONCATENATE("'",I8,"'")),",",IF(J8="NULL","NULL",CONCATENATE("'",J8,"'")),",'",K8,"',",IF(L8="NULL","NULL",CONCATENATE("'",L8,"'")),",",IF(M8="NULL","NULL",CONCATENATE("'",M8,"'")),",'",N8,"');") -> VALUES('','','','','','','','','','','','','',''); | R8: =CONCATENATE(O8,P8) -> INSERT INTO `T_CORE_RPT_FILTER`(`RPTF_ID`,`RPTF_ACCN_TYPE`,`RPTF_IDX`,`RPTF_NAME`,`RPTF_FILTYPE`,`RPTF_CAPTION`,`RPTF_BASIC_ROW`,`RPTF_LISTBOX_TBL`,`RPTF_LISTBOX_IDCOL`,`RPTF_LISTBOX_CAPCOL`,`RPTF_SHOW`,`RPTF_DEFVAL`,`RPTF_IFNULLVAL`,`RPTF_MANDATORY`) VALUES('','','','','','','','','','','','','','');
A9: RPT_ALL_JOBS_TO | B9: ACC_TYPE_TO | C9: 6 | D9: RCD_DT_SUBMIT | E9: R | F9: Date Submitted | G9: 7 | H9: NULL | I9: NULL | J9: NULL | K9: Y | L9: NULL | M9: NULL | N9: N | O9: =CONCATENATE("INSERT INTO `T_CORE_RPT_FILTER`(`RPTF_ID`,`RPTF_ACCN_TYPE`,`RPTF_IDX`,`RPTF_NAME`,`RPTF_FILTYPE`,`RPTF_CAPTION`,`RPTF_BASIC_ROW`,`RPTF_LISTBOX_TBL`,`RPTF_LISTBOX_IDCOL`,`RPTF_LISTBOX_CAPCOL`,`RPTF_SHOW`,`RPTF_DEFVAL`,`RPTF_IFNULLVAL`,`RPTF_MANDATORY`)") -> INSERT INTO `T_CORE_RPT_FILTER`(`RPTF_ID`,`RPTF_ACCN_TYPE`,`RPTF_IDX`,`RPTF_NAME`,`RPTF_FILTYPE`,`RPTF_CAPTION`,`RPTF_BASIC_ROW`,`RPTF_LISTBOX_TBL`,`RPTF_LISTBOX_IDCOL`,`RPTF_LISTBOX_CAPCOL`,`RPTF_SHOW`,`RPTF_DEFVAL`,`RPTF_IFNULLVAL`,`RPTF_MANDATORY`) | P9: =CONCATENATE(" VALUES('",A9,"','",B9,"','",C9,"','",D9,"','",E9,"','",F9,"','",G9,"',",IF(H9="NULL","NULL",CONCATENATE("'",H9,"'")),",",IF(I9="NULL","NULL",CONCATENATE("'",I9,"'")),",",IF(J9="NULL","NULL",CONCATENATE("'",J9,"'")),",'",K9,"',",IF(L9="NULL","NULL",CONCATENATE("'",L9,"'")),",",IF(M9="NULL","NULL",CONCATENATE("'",M9,"'")),",'",N9,"');") -> VALUES('RPT_ALL_JOBS_TO','ACC_TYPE_TO','6','RCD_DT_SUBMIT','R','Date Submitted','7',NULL,NULL,NULL,'Y',NULL,NULL,'N'); | R9: =CONCATENATE(O9,P9) -> INSERT INTO `T_CORE_RPT_FILTER`(`RPTF_ID`,`RPTF_ACCN_TYPE`,`RPTF_IDX`,`RPTF_NAME`,`RPTF_FILTYPE`,`RPTF_CAPTION`,`RPTF_BASIC_ROW`,`RPTF_LISTBOX_TBL`,`RPTF_LISTBOX_IDCOL`,`RPTF_LISTBOX_CAPCOL`,`RPTF_SHOW`,`RPTF_DEFVAL`,`RPTF_IFNULLVAL`,`RPTF_MANDATORY`) VALUES('RPT_ALL_JOBS_TO','ACC_TYPE_TO','6','RCD_DT_SUBMIT','R','Date Submitted','7',NULL,NULL,NULL,'Y',NULL,NULL,'N');
A10: RPT_ALL_JOBS_CO | B10: ACC_TYPE_CO | C10: 0 | D10: JOB_STATE | E10: L | F10: Job State | G10: 1 | H10: LIST | I10: ALL,CAN,DLV,ACP,ONGOING | J10: ALL,CANCELLED,DELIVERED,ACCEPTED,ONGOING | K10: Y | L10: NULL | M10: NULL | N10: N | O10: =CONCATENATE("INSERT INTO `T_CORE_RPT_FILTER`(`RPTF_ID`,`RPTF_ACCN_TYPE`,`RPTF_IDX`,`RPTF_NAME`,`RPTF_FILTYPE`,`RPTF_CAPTION`,`RPTF_BASIC_ROW`,`RPTF_LISTBOX_TBL`,`RPTF_LISTBOX_IDCOL`,`RPTF_LISTBOX_CAPCOL`,`RPTF_SHOW`,`RPTF_DEFVAL`,`RPTF_IFNULLVAL`,`RPTF_MANDATORY`)") -> INSERT INTO `T_CORE_RPT_FILTER`(`RPTF_ID`,`RPTF_ACCN_TYPE`,`RPTF_IDX`,`RPTF_NAME`,`RPTF_FILTYPE`,`RPTF_CAPTION`,`RPTF_BASIC_ROW`,`RPTF_LISTBOX_TBL`,`RPTF_LISTBOX_IDCOL`,`RPTF_LISTBOX_CAPCOL`,`RPTF_SHOW`,`RPTF_DEFVAL`,`RPTF_IFNULLVAL`,`RPTF_MANDATORY`) | P10: =CONCATENATE(" VALUES('",A10,"','",B10,"','",C10,"','",D10,"','",E10,"','",F10,"','",G10,"',",IF(H10="NULL","NULL",CONCATENATE("'",H10,"'")),",",IF(I10="NULL","NULL",CONCATENATE("'",I10,"'")),",",IF(J10="NULL","NULL",CONCATENATE("'",J10,"'")),",'",K10,"',",IF(L10="NULL","NULL",CONCATENATE("'",L10,"'")),",",IF(M10="NULL","NULL",CONCATENATE("'",M10,"'")),",'",N10,"');") -> VALUES('RPT_ALL_JOBS_CO','ACC_TYPE_CO','0','JOB_STATE','L','Job State','1','LIST','ALL,CAN,DLV,ACP,ONGOING','ALL,CANCELLED,DELIVERED,ACCEPTED,ONGOING','Y',NULL,NULL,'N'); | R10: =CONCATENATE(O10,P10) -> INSERT INTO `T_CORE_RPT_FILTER`(`RPTF_ID`,`RPTF_ACCN_TYPE`,`RPTF_IDX`,`RPTF_NAME`,`RPTF_FILTYPE`,`RPTF_CAPTION`,`RPTF_BASIC_ROW`,`RPTF_LISTBOX_TBL`,`RPTF_LISTBOX_IDCOL`,`RPTF_LISTBOX_CAPCOL`,`RPTF_SHOW`,`RPTF_DEFVAL`,`RPTF_IFNULLVAL`,`RPTF_MANDATORY`) VALUES('RPT_ALL_JOBS_CO','ACC_TYPE_CO','0','JOB_STATE','L','Job State','1','LIST','ALL,CAN,DLV,ACP,ONGOING','ALL,CANCELLED,DELIVERED,ACCEPTED,ONGOING','Y',NULL,NULL,'N');
A11: RPT_ALL_JOBS_CO | B11: ACC_TYPE_CO | C11: 1 | D11: JOB_PROCESS_VIA | E11: L | F11: Process Via | G11: 2 | H11: LIST | I11: ALL,MOBILE,WEB | J11: ALL,MOBILE,WEB | K11: Y | L11: NULL | M11: NULL | N11: N | O11: =CONCATENATE("INSERT INTO `T_CORE_RPT_FILTER`(`RPTF_ID`,`RPTF_ACCN_TYPE`,`RPTF_IDX`,`RPTF_NAME`,`RPTF_FILTYPE`,`RPTF_CAPTION`,`RPTF_BASIC_ROW`,`RPTF_LISTBOX_TBL`,`RPTF_LISTBOX_IDCOL`,`RPTF_LISTBOX_CAPCOL`,`RPTF_SHOW`,`RPTF_DEFVAL`,`RPTF_IFNULLVAL`,`RPTF_MANDATORY`)") -> INSERT INTO `T_CORE_RPT_FILTER`(`RPTF_ID`,`RPTF_ACCN_TYPE`,`RPTF_IDX`,`RPTF_NAME`,`RPTF_FILTYPE`,`RPTF_CAPTION`,`RPTF_BASIC_ROW`,`RPTF_LISTBOX_TBL`,`RPTF_LISTBOX_IDCOL`,`RPTF_LISTBOX_CAPCOL`,`RPTF_SHOW`,`RPTF_DEFVAL`,`RPTF_IFNULLVAL`,`RPTF_MANDATORY`) | P11: =CONCATENATE(" VALUES('",A11,"','",B11,"','",C11,"','",D11,"','",E11,"','",F11,"','",G11,"',",IF(H11="NULL","NULL",CONCATENATE("'",H11,"'")),",",IF(I11="NULL","NULL",CONCATENATE("'",I11,"'")),",",IF(J11="NULL","NULL",CONCATENATE("'",J11,"'")),",'",K11,"',",IF(L11="NULL","NULL",CONCATENATE("'",L11,"'")),",",IF(M11="NULL","NULL",CONCATENATE("'",M11,"'")),",'",N11,"');") -> VALUES('RPT_ALL_JOBS_CO','ACC_TYPE_CO','1','JOB_PROCESS_VIA','L','Process Via','2','LIST','ALL,MOBILE,WEB','ALL,MOBILE,WEB','Y',NULL,NULL,'N'); | R11: =CONCATENATE(O11,P11) -> INSERT INTO `T_CORE_RPT_FILTER`(`RPTF_ID`,`RPTF_ACCN_TYPE`,`RPTF_IDX`,`RPTF_NAME`,`RPTF_FILTYPE`,`RPTF_CAPTION`,`RPTF_BASIC_ROW`,`RPTF_LISTBOX_TBL`,`RPTF_LISTBOX_IDCOL`,`RPTF_LISTBOX_CAPCOL`,`RPTF_SHOW`,`RPTF_DEFVAL`,`RPTF_IFNULLVAL`,`RPTF_MANDATORY`) VALUES('RPT_ALL_JOBS_CO','ACC_TYPE_CO','1','JOB_PROCESS_VIA','L','Process Via','2','LIST','ALL,MOBILE,WEB','ALL,MOBILE,WEB','Y',NULL,NULL,'N');
A12: RPT_ALL_JOBS_CO | B12: ACC_TYPE_CO | C12: 2 | D12: RCD_DT_CANCEL | E12: R | F12: Date Cancelled | G12: 3 | H12: NULL | I12: NULL | J12: NULL | K12: Y | L12: NULL | M12: NULL | N12: N | O12: =CONCATENATE("INSERT INTO `T_CORE_RPT_FILTER`(`RPTF_ID`,`RPTF_ACCN_TYPE`,`RPTF_IDX`,`RPTF_NAME`,`RPTF_FILTYPE`,`RPTF_CAPTION`,`RPTF_BASIC_ROW`,`RPTF_LISTBOX_TBL`,`RPTF_LISTBOX_IDCOL`,`RPTF_LISTBOX_CAPCOL`,`RPTF_SHOW`,`RPTF_DEFVAL`,`RPTF_IFNULLVAL`,`RPTF_MANDATORY`)") -> INSERT INTO `T_CORE_RPT_FILTER`(`RPTF_ID`,`RPTF_ACCN_TYPE`,`RPTF_IDX`,`RPTF_NAME`,`RPTF_FILTYPE`,`RPTF_CAPTION`,`RPTF_BASIC_ROW`,`RPTF_LISTBOX_TBL`,`RPTF_LISTBOX_IDCOL`,`RPTF_LISTBOX_CAPCOL`,`RPTF_SHOW`,`RPTF_DEFVAL`,`RPTF_IFNULLVAL`,`RPTF_MANDATORY`) | P12: =CONCATENATE(" VALUES('",A12,"','",B12,"','",C12,"','",D12,"','",E12,"','",F12,"','",G12,"',",IF(H12="NULL","NULL",CONCATENATE("'",H12,"'")),",",IF(I12="NULL","NULL",CONCATENATE("'",I12,"'")),",",IF(J12="NULL","NULL",CONCATENATE("'",J12,"'")),",'",K12,"',",IF(L12="NULL","NULL",CONCATENATE("'",L12,"'")),",",IF(M12="NULL","NULL",CONCATENATE("'",M12,"'")),",'",N12,"');") -> VALUES('RPT_ALL_JOBS_CO','ACC_TYPE_CO','2','RCD_DT_CANCEL','R','Date Cancelled','3',NULL,NULL,NULL,'Y',NULL,NULL,'N'); | R12: =CONCATENATE(O12,P12) -> INSERT INTO `T_CORE_RPT_FILTER`(`RPTF_ID`,`RPTF_ACCN_TYPE`,`RPTF_IDX`,`RPTF_NAME`,`RPTF_FILTYPE`,`RPTF_CAPTION`,`RPTF_BASIC_ROW`,`RPTF_LISTBOX_TBL`,`RPTF_LISTBOX_IDCOL`,`RPTF_LISTBOX_CAPCOL`,`RPTF_SHOW`,`RPTF_DEFVAL`,`RPTF_IFNULLVAL`,`RPTF_MANDATORY`) VALUES('RPT_ALL_JOBS_CO','ACC_TYPE_CO','2','RCD_DT_CANCEL','R','Date Cancelled','3',NULL,NULL,NULL,'Y',NULL,NULL,'N');
A13: RPT_ALL_JOBS_CO | B13: ACC_TYPE_CO | C13: 3 | D13: RCD_DT_COMPLETE | E13: R | F13: Date Completed | G13: 4 | H13: NULL | I13: NULL | J13: NULL | K13: Y | L13: NULL | M13: NULL | N13: N | O13: =CONCATENATE("INSERT INTO `T_CORE_RPT_FILTER`(`RPTF_ID`,`RPTF_ACCN_TYPE`,`RPTF_IDX`,`RPTF_NAME`,`RPTF_FILTYPE`,`RPTF_CAPTION`,`RPTF_BASIC_ROW`,`RPTF_LISTBOX_TBL`,`RPTF_LISTBOX_IDCOL`,`RPTF_LISTBOX_CAPCOL`,`RPTF_SHOW`,`RPTF_DEFVAL`,`RPTF_IFNULLVAL`,`RPTF_MANDATORY`)") -> INSERT INTO `T_CORE_RPT_FILTER`(`RPTF_ID`,`RPTF_ACCN_TYPE`,`RPTF_IDX`,`RPTF_NAME`,`RPTF_FILTYPE`,`RPTF_CAPTION`,`RPTF_BASIC_ROW`,`RPTF_LISTBOX_TBL`,`RPTF_LISTBOX_IDCOL`,`RPTF_LISTBOX_CAPCOL`,`RPTF_SHOW`,`RPTF_DEFVAL`,`RPTF_IFNULLVAL`,`RPTF_MANDATORY`) | P13: =CONCATENATE(" VALUES('",A13,"','",B13,"','",C13,"','",D13,"','",E13,"','",F13,"','",G13,"',",IF(H13="NULL","NULL",CONCATENATE("'",H13,"'")),",",IF(I13="NULL","NULL",CONCATENATE("'",I13,"'")),",",IF(J13="NULL","NULL",CONCATENATE("'",J13,"'")),",'",K13,"',",IF(L13="NULL","NULL",CONCATENATE("'",L13,"'")),",",IF(M13="NULL","NULL",CONCATENATE("'",M13,"'")),",'",N13,"');") -> VALUES('RPT_ALL_JOBS_CO','ACC_TYPE_CO','3','RCD_DT_COMPLETE','R','Date Completed','4',NULL,NULL,NULL,'Y',NULL,NULL,'N'); | R13: =CONCATENATE(O13,P13) -> INSERT INTO `T_CORE_RPT_FILTER`(`RPTF_ID`,`RPTF_ACCN_TYPE`,`RPTF_IDX`,`RPTF_NAME`,`RPTF_FILTYPE`,`RPTF_CAPTION`,`RPTF_BASIC_ROW`,`RPTF_LISTBOX_TBL`,`RPTF_LISTBOX_IDCOL`,`RPTF_LISTBOX_CAPCOL`,`RPTF_SHOW`,`RPTF_DEFVAL`,`RPTF_IFNULLVAL`,`RPTF_MANDATORY`) VALUES('RPT_ALL_JOBS_CO','ACC_TYPE_CO','3','RCD_DT_COMPLETE','R','Date Completed','4',NULL,NULL,NULL,'Y',NULL,NULL,'N');
A14: RPT_ALL_JOBS_CO | B14: ACC_TYPE_CO | C14: 4 | D14: RCD_DT_ACCEPTED | E14: R | F14: Date Accepted | G14: 5 | H14: NULL | I14: NULL | J14: NULL | K14: Y | L14: NULL | M14: NULL | N14: N | O14: =CONCATENATE("INSERT INTO `T_CORE_RPT_FILTER`(`RPTF_ID`,`RPTF_ACCN_TYPE`,`RPTF_IDX`,`RPTF_NAME`,`RPTF_FILTYPE`,`RPTF_CAPTION`,`RPTF_BASIC_ROW`,`RPTF_LISTBOX_TBL`,`RPTF_LISTBOX_IDCOL`,`RPTF_LISTBOX_CAPCOL`,`RPTF_SHOW`,`RPTF_DEFVAL`,`RPTF_IFNULLVAL`,`RPTF_MANDATORY`)") -> INSERT INTO `T_CORE_RPT_FILTER`(`RPTF_ID`,`RPTF_ACCN_TYPE`,`RPTF_IDX`,`RPTF_NAME`,`RPTF_FILTYPE`,`RPTF_CAPTION`,`RPTF_BASIC_ROW`,`RPTF_LISTBOX_TBL`,`RPTF_LISTBOX_IDCOL`,`RPTF_LISTBOX_CAPCOL`,`RPTF_SHOW`,`RPTF_DEFVAL`,`RPTF_IFNULLVAL`,`RPTF_MANDATORY`) | P14: =CONCATENATE(" VALUES('",A14,"','",B14,"','",C14,"','",D14,"','",E14,"','",F14,"','",G14,"',",IF(H14="NULL","NULL",CONCATENATE("'",H14,"'")),",",IF(I14="NULL","NULL",CONCATENATE("'",I14,"'")),",",IF(J14="NULL","NULL",CONCATENATE("'",J14,"'")),",'",K14,"',",IF(L14="NULL","NULL",CONCATENATE("'",L14,"'")),",",IF(M14="NULL","NULL",CONCATENATE("'",M14,"'")),",'",N14,"');") -> VALUES('RPT_ALL_JOBS_CO','ACC_TYPE_CO','4','RCD_DT_ACCEPTED','R','Date Accepted','5',NULL,NULL,NULL,'Y',NULL,NULL,'N'); | R14: =CONCATENATE(O14,P14) -> INSERT INTO `T_CORE_RPT_FILTER`(`RPTF_ID`,`RPTF_ACCN_TYPE`,`RPTF_IDX`,`RPTF_NAME`,`RPTF_FILTYPE`,`RPTF_CAPTION`,`RPTF_BASIC_ROW`,`RPTF_LISTBOX_TBL`,`RPTF_LISTBOX_IDCOL`,`RPTF_LISTBOX_CAPCOL`,`RPTF_SHOW`,`RPTF_DEFVAL`,`RPTF_IFNULLVAL`,`RPTF_MANDATORY`) VALUES('RPT_ALL_JOBS_CO','ACC_TYPE_CO','4','RCD_DT_ACCEPTED','R','Date Accepted','5',NULL,NULL,NULL,'Y',NULL,NULL,'N');
A15: RPT_ALL_JOBS_CO | B15: ACC_TYPE_CO | C15: 5 | D15: RCD_DT_START | E15: R | F15: Date Started | G15: 6 | H15: NULL | I15: NULL | J15: NULL | K15: Y | L15: NULL | M15: NULL | N15: N | O15: =CONCATENATE("INSERT INTO `T_CORE_RPT_FILTER`(`RPTF_ID`,`RPTF_ACCN_TYPE`,`RPTF_IDX`,`RPTF_NAME`,`RPTF_FILTYPE`,`RPTF_CAPTION`,`RPTF_BASIC_ROW`,`RPTF_LISTBOX_TBL`,`RPTF_LISTBOX_IDCOL`,`RPTF_LISTBOX_CAPCOL`,`RPTF_SHOW`,`RPTF_DEFVAL`,`RPTF_IFNULLVAL`,`RPTF_MANDATORY`)") -> INSERT INTO `T_CORE_RPT_FILTER`(`RPTF_ID`,`RPTF_ACCN_TYPE`,`RPTF_IDX`,`RPTF_NAME`,`RPTF_FILTYPE`,`RPTF_CAPTION`,`RPTF_BASIC_ROW`,`RPTF_LISTBOX_TBL`,`RPTF_LISTBOX_IDCOL`,`RPTF_LISTBOX_CAPCOL`,`RPTF_SHOW`,`RPTF_DEFVAL`,`RPTF_IFNULLVAL`,`RPTF_MANDATORY`) | P15: =CONCATENATE(" VALUES('",A15,"','",B15,"','",C15,"','",D15,"','",E15,"','",F15,"','",G15,"',",IF(H15="NULL","NULL",CONCATENATE("'",H15,"'")),",",IF(I15="NULL","NULL",CONCATENATE("'",I15,"'")),",",IF(J15="NULL","NULL",CONCATENATE("'",J15,"'")),",'",K15,"',",IF(L15="NULL","NULL",CONCATENATE("'",L15,"'")),",",IF(M15="NULL","NULL",CONCATENATE("'",M15,"'")),",'",N15,"');") -> VALUES('RPT_ALL_JOBS_CO','ACC_TYPE_CO','5','RCD_DT_START','R','Date Started','6',NULL,NULL,NULL,'Y',NULL,NULL,'N'); | R15: =CONCATENATE(O15,P15) -> INSERT INTO `T_CORE_RPT_FILTER`(`RPTF_ID`,`RPTF_ACCN_TYPE`,`RPTF_IDX`,`RPTF_NAME`,`RPTF_FILTYPE`,`RPTF_CAPTION`,`RPTF_BASIC_ROW`,`RPTF_LISTBOX_TBL`,`RPTF_LISTBOX_IDCOL`,`RPTF_LISTBOX_CAPCOL`,`RPTF_SHOW`,`RPTF_DEFVAL`,`RPTF_IFNULLVAL`,`RPTF_MANDATORY`) VALUES('RPT_ALL_JOBS_CO','ACC_TYPE_CO','5','RCD_DT_START','R','Date Started','6',NULL,NULL,NULL,'Y',NULL,NULL,'N');
A16: RPT_ALL_JOBS_CO | L16: NULL | M16: NULL | O16: =CONCATENATE("INSERT INTO `T_CORE_RPT_FILTER`(`RPTF_ID`,`RPTF_ACCN_TYPE`,`RPTF_IDX`,`RPTF_NAME`,`RPTF_FILTYPE`,`RPTF_CAPTION`,`RPTF_BASIC_ROW`,`RPTF_LISTBOX_TBL`,`RPTF_LISTBOX_IDCOL`,`RPTF_LISTBOX_CAPCOL`,`RPTF_SHOW`,`RPTF_DEFVAL`,`RPTF_IFNULLVAL`,`RPTF_MANDATORY`)") -> INSERT INTO `T_CORE_RPT_FILTER`(`RPTF_ID`,`RPTF_ACCN_TYPE`,`RPTF_IDX`,`RPTF_NAME`,`RPTF_FILTYPE`,`RPTF_CAPTION`,`RPTF_BASIC_ROW`,`RPTF_LISTBOX_TBL`,`RPTF_LISTBOX_IDCOL`,`RPTF_LISTBOX_CAPCOL`,`RPTF_SHOW`,`RPTF_DEFVAL`,`RPTF_IFNULLVAL`,`RPTF_MANDATORY`) | P16: =CONCATENATE(" VALUES('",A16,"','",B16,"','",C16,"','",D16,"','",E16,"','",F16,"','",G16,"',",IF(H16="NULL","NULL",CONCATENATE("'",H16,"'")),",",IF(I16="NULL","NULL",CONCATENATE("'",I16,"'")),",",IF(J16="NULL","NULL",CONCATENATE("'",J16,"'")),",'",K16,"',",IF(L16="NULL","NULL",CONCATENATE("'",L16,"'")),",",IF(M16="NULL","NULL",CONCATENATE("'",M16,"'")),",'",N16,"');") -> VALUES('RPT_ALL_JOBS_CO','','','','','','','','','','',NULL,NULL,''); | R16: =CONCATENATE(O16,P16) -> INSERT INTO `T_CORE_RPT_FILTER`(`RPTF_ID`,`RPTF_ACCN_TYPE`,`RPTF_IDX`,`RPTF_NAME`,`RPTF_FILTYPE`,`RPTF_CAPTION`,`RPTF_BASIC_ROW`,`RPTF_LISTBOX_TBL`,`RPTF_LISTBOX_IDCOL`,`RPTF_LISTBOX_CAPCOL`,`RPTF_SHOW`,`RPTF_DEFVAL`,`RPTF_IFNULLVAL`,`RPTF_MANDATORY`) VALUES('RPT_ALL_JOBS_CO','','','','','','','','','','',NULL,NULL,'');
A17: RPT_ALL_JOBS_CO | B17: ACC_TYPE_CO | C17: 6 | D17: RCD_DT_SUBMIT | E17: R | F17: Date Submitted | G17: 7 | H17: NULL | I17: NULL | J17: NULL | K17: Y | L17: NULL | M17: NULL | N17: N | O17: =CONCATENATE("INSERT INTO `T_CORE_RPT_FILTER`(`RPTF_ID`,`RPTF_ACCN_TYPE`,`RPTF_IDX`,`RPTF_NAME`,`RPTF_FILTYPE`,`RPTF_CAPTION`,`RPTF_BASIC_ROW`,`RPTF_LISTBOX_TBL`,`RPTF_LISTBOX_IDCOL`,`RPTF_LISTBOX_CAPCOL`,`RPTF_SHOW`,`RPTF_DEFVAL`,`RPTF_IFNULLVAL`,`RPTF_MANDATORY`)") -> INSERT INTO `T_CORE_RPT_FILTER`(`RPTF_ID`,`RPTF_ACCN_TYPE`,`RPTF_IDX`,`RPTF_NAME`,`RPTF_FILTYPE`,`RPTF_CAPTION`,`RPTF_BASIC_ROW`,`RPTF_LISTBOX_TBL`,`RPTF_LISTBOX_IDCOL`,`RPTF_LISTBOX_CAPCOL`,`RPTF_SHOW`,`RPTF_DEFVAL`,`RPTF_IFNULLVAL`,`RPTF_MANDATORY`) | P17: =CONCATENATE(" VALUES('",A17,"','",B17,"','",C17,"','",D17,"','",E17,"','",F17,"','",G17,"',",IF(H17="NULL","NULL",CONCATENATE("'",H17,"'")),",",IF(I17="NULL","NULL",CONCATENATE("'",I17,"'")),",",IF(J17="NULL","NULL",CONCATENATE("'",J17,"'")),",'",K17,"',",IF(L17="NULL","NULL",CONCATENATE("'",L17,"'")),",",IF(M17="NULL","NULL",CONCATENATE("'",M17,"'")),",'",N17,"');") -> VALUES('RPT_ALL_JOBS_CO','ACC_TYPE_CO','6','RCD_DT_SUBMIT','R','Date Submitted','7',NULL,NULL,NULL,'Y',NULL,NULL,'N'); | R17: =CONCATENATE(O17,P17) -> INSERT INTO `T_CORE_RPT_FILTER`(`RPTF_ID`,`RPTF_ACCN_TYPE`,`RPTF_IDX`,`RPTF_NAME`,`RPTF_FILTYPE`,`RPTF_CAPTION`,`RPTF_BASIC_ROW`,`RPTF_LISTBOX_TBL`,`RPTF_LISTBOX_IDCOL`,`RPTF_LISTBOX_CAPCOL`,`RPTF_SHOW`,`RPTF_DEFVAL`,`RPTF_IFNULLVAL`,`RPTF_MANDATORY`) VALUES('RPT_ALL_JOBS_CO','ACC_TYPE_CO','6','RCD_DT_SUBMIT','R','Date Submitted','7',NULL,NULL,NULL,'Y',NULL,NULL,'N');
A18: RPT_JOBS_DISCREPANCY_TO | B18: ACC_TYPE_TO | C18: 0 | D18: RCD_DT_COMPLETE | E18: R | F18: Date Completed | G18: 1 | H18: NULL | I18: NULL | J18: NULL | K18: Y | L18: NULL | M18: NULL | N18: N | O18: =CONCATENATE("INSERT INTO `T_CORE_RPT_FILTER`(`RPTF_ID`,`RPTF_ACCN_TYPE`,`RPTF_IDX`,`RPTF_NAME`,`RPTF_FILTYPE`,`RPTF_CAPTION`,`RPTF_BASIC_ROW`,`RPTF_LISTBOX_TBL`,`RPTF_LISTBOX_IDCOL`,`RPTF_LISTBOX_CAPCOL`,`RPTF_SHOW`,`RPTF_DEFVAL`,`RPTF_IFNULLVAL`,`RPTF_MANDATORY`)") -> INSERT INTO `T_CORE_RPT_FILTER`(`RPTF_ID`,`RPTF_ACCN_TYPE`,`RPTF_IDX`,`RPTF_NAME`,`RPTF_FILTYPE`,`RPTF_CAPTION`,`RPTF_BASIC_ROW`,`RPTF_LISTBOX_TBL`,`RPTF_LISTBOX_IDCOL`,`RPTF_LISTBOX_CAPCOL`,`RPTF_SHOW`,`RPTF_DEFVAL`,`RPTF_IFNULLVAL`,`RPTF_MANDATORY`) | P18: =CONCATENATE(" VALUES('",A18,"','",B18,"','",C18,"','",D18,"','",E18,"','",F18,"','",G18,"',",IF(H18="NULL","NULL",CONCATENATE("'",H18,"'")),",",IF(I18="NULL","NULL",CONCATENATE("'",I18,"'")),",",IF(J18="NULL","NULL",CONCATENATE("'",J18,"'")),",'",K18,"',",IF(L18="NULL","NULL",CONCATENATE("'",L18,"'")),",",IF(M18="NULL","NULL",CONCATENATE("'",M18,"'")),",'",N18,"');") -> VALUES('RPT_JOBS_DISCREPANCY_TO','ACC_TYPE_TO','0','RCD_DT_COMPLETE','R','Date Completed','1',NULL,NULL,NULL,'Y',NULL,NULL,'N'); | R18: =CONCATENATE(O18,P18) -> INSERT INTO `T_CORE_RPT_FILTER`(`RPTF_ID`,`RPTF_ACCN_TYPE`,`RPTF_IDX`,`RPTF_NAME`,`RPTF_FILTYPE`,`RPTF_CAPTION`,`RPTF_BASIC_ROW`,`RPTF_LISTBOX_TBL`,`RPTF_LISTBOX_IDCOL`,`RPTF_LISTBOX_CAPCOL`,`RPTF_SHOW`,`RPTF_DEFVAL`,`RPTF_IFNULLVAL`,`RPTF_MANDATORY`) VALUES('RPT_JOBS_DISCREPANCY_TO','ACC_TYPE_TO','0','RCD_DT_COMPLETE','R','Date Completed','1',NULL,NULL,NULL,'Y',NULL,NULL,'N');
A19: RPT_JOBS_DISCREPANCY_TO | B19: ACC_TYPE_TO | C19: 1 | D19: IS_DEVIATED | E19: L | F19: Is Deviated | G19: 2 | H19: LIST | I19: Y,N | J19: YES,NO | K19: Y | L19: Y | M19: Y | N19: N | O19: =CONCATENATE("INSERT INTO `T_CORE_RPT_FILTER`(`RPTF_ID`,`RPTF_ACCN_TYPE`,`RPTF_IDX`,`RPTF_NAME`,`RPTF_FILTYPE`,`RPTF_CAPTION`,`RPTF_BASIC_ROW`,`RPTF_LISTBOX_TBL`,`RPTF_LISTBOX_IDCOL`,`RPTF_LISTBOX_CAPCOL`,`RPTF_SHOW`,`RPTF_DEFVAL`,`RPTF_IFNULLVAL`,`RPTF_MANDATORY`)") -> INSERT INTO `T_CORE_RPT_FILTER`(`RPTF_ID`,`RPTF_ACCN_TYPE`,`RPTF_IDX`,`RPTF_NAME`,`RPTF_FILTYPE`,`RPTF_CAPTION`,`RPTF_BASIC_ROW`,`RPTF_LISTBOX_TBL`,`RPTF_LISTBOX_IDCOL`,`RPTF_LISTBOX_CAPCOL`,`RPTF_SHOW`,`RPTF_DEFVAL`,`RPTF_IFNULLVAL`,`RPTF_MANDATORY`) | P19: =CONCATENATE(" VALUES('",A19,"','",B19,"','",C19,"','",D19,"','",E19,"','",F19,"','",G19,"',",IF(H19="NULL","NULL",CONCATENATE("'",H19,"'")),",",IF(I19="NULL","NULL",CONCATENATE("'",I19,"'")),",",IF(J19="NULL","NULL",CONCATENATE("'",J19,"'")),",'",K19,"',",IF(L19="NULL","NULL",CONCATENATE("'",L19,"'")),",",IF(M19="NULL","NULL",CONCATENATE("'",M19,"'")),",'",N19,"');") -> VALUES('RPT_JOBS_DISCREPANCY_TO','ACC_TYPE_TO','1','IS_DEVIATED','L','Is Deviated','2','LIST','Y,N','YES,NO','Y','Y','Y','N'); | R19: =CONCATENATE(O19,P19) -> INSERT INTO `T_CORE_RPT_FILTER`(`RPTF_ID`,`RPTF_ACCN_TYPE`,`RPTF_IDX`,`RPTF_NAME`,`RPTF_FILTYPE`,`RPTF_CAPTION`,`RPTF_BASIC_ROW`,`RPTF_LISTBOX_TBL`,`RPTF_LISTBOX_IDCOL`,`RPTF_LISTBOX_CAPCOL`,`RPTF_SHOW`,`RPTF_DEFVAL`,`RPTF_IFNULLVAL`,`RPTF_MANDATORY`) VALUES('RPT_JOBS_DISCREPANCY_TO','ACC_TYPE_TO','1','IS_DEVIATED','L','Is Deviated','2','LIST','Y,N','YES,NO','Y','Y','Y','N');
A20: RPT_JOBS_DISCREPANCY_TO | B20: ACC_TYPE_TO | C20: 2 | D20: HAS_DISCREPANCY | E20: L | F20: Has Discrepancy | G20: 3 | H20: LIST | I20: Y,N | J20: YES,NO | K20: Y | L20: Y | M20: Y | N20: N | O20: =CONCATENATE("INSERT INTO `T_CORE_RPT_FILTER`(`RPTF_ID`,`RPTF_ACCN_TYPE`,`RPTF_IDX`,`RPTF_NAME`,`RPTF_FILTYPE`,`RPTF_CAPTION`,`RPTF_BASIC_ROW`,`RPTF_LISTBOX_TBL`,`RPTF_LISTBOX_IDCOL`,`RPTF_LISTBOX_CAPCOL`,`RPTF_SHOW`,`RPTF_DEFVAL`,`RPTF_IFNULLVAL`,`RPTF_MANDATORY`)") -> INSERT INTO `T_CORE_RPT_FILTER`(`RPTF_ID`,`RPTF_ACCN_TYPE`,`RPTF_IDX`,`RPTF_NAME`,`RPTF_FILTYPE`,`RPTF_CAPTION`,`RPTF_BASIC_ROW`,`RPTF_LISTBOX_TBL`,`RPTF_LISTBOX_IDCOL`,`RPTF_LISTBOX_CAPCOL`,`RPTF_SHOW`,`RPTF_DEFVAL`,`RPTF_IFNULLVAL`,`RPTF_MANDATORY`) | P20: =CONCATENATE(" VALUES('",A20,"','",B20,"','",C20,"','",D20,"','",E20,"','",F20,"','",G20,"',",IF(H20="NULL","NULL",CONCATENATE("'",H20,"'")),",",IF(I20="NULL","NULL",CONCATENATE("'",I20,"'")),",",IF(J20="NULL","NULL",CONCATENATE("'",J20,"'")),",'",K20,"',",IF(L20="NULL","NULL",CONCATENATE("'",L20,"'")),",",IF(M20="NULL","NULL",CONCATENATE("'",M20,"'")),",'",N20,"');") -> VALUES('RPT_JOBS_DISCREPANCY_TO','ACC_TYPE_TO','2','HAS_DISCREPANCY','L','Has Discrepancy','3','LIST','Y,N','YES,NO','Y','Y','Y','N'); | R20: =CONCATENATE(O20,P20) -> INSERT INTO `T_CORE_RPT_FILTER`(`RPTF_ID`,`RPTF_ACCN_TYPE`,`RPTF_IDX`,`RPTF_NAME`,`RPTF_FILTYPE`,`RPTF_CAPTION`,`RPTF_BASIC_ROW`,`RPTF_LISTBOX_TBL`,`RPTF_LISTBOX_IDCOL`,`RPTF_LISTBOX_CAPCOL`,`RPTF_SHOW`,`RPTF_DEFVAL`,`RPTF_IFNULLVAL`,`RPTF_MANDATORY`) VALUES('RPT_JOBS_DISCREPANCY_TO','ACC_TYPE_TO','2','HAS_DISCREPANCY','L','Has Discrepancy','3','LIST','Y,N','YES,NO','Y','Y','Y','N');
A21: RPT_JOBS_DISCREPANCY_CO | B21: ACC_TYPE_CO | C21: 0 | D21: RCD_DT_COMPLETE | E21: R | F21: Date Completed | G21: 1 | H21: NULL | I21: NULL | J21: NULL | K21: Y | L21: NULL | M21: NULL | N21: N | O21: =CONCATENATE("INSERT INTO `T_CORE_RPT_FILTER`(`RPTF_ID`,`RPTF_ACCN_TYPE`,`RPTF_IDX`,`RPTF_NAME`,`RPTF_FILTYPE`,`RPTF_CAPTION`,`RPTF_BASIC_ROW`,`RPTF_LISTBOX_TBL`,`RPTF_LISTBOX_IDCOL`,`RPTF_LISTBOX_CAPCOL`,`RPTF_SHOW`,`RPTF_DEFVAL`,`RPTF_IFNULLVAL`,`RPTF_MANDATORY`)") -> INSERT INTO `T_CORE_RPT_FILTER`(`RPTF_ID`,`RPTF_ACCN_TYPE`,`RPTF_IDX`,`RPTF_NAME`,`RPTF_FILTYPE`,`RPTF_CAPTION`,`RPTF_BASIC_ROW`,`RPTF_LISTBOX_TBL`,`RPTF_LISTBOX_IDCOL`,`RPTF_LISTBOX_CAPCOL`,`RPTF_SHOW`,`RPTF_DEFVAL`,`RPTF_IFNULLVAL`,`RPTF_MANDATORY`) | P21: =CONCATENATE(" VALUES('",A21,"','",B21,"','",C21,"','",D21,"','",E21,"','",F21,"','",G21,"',",IF(H21="NULL","NULL",CONCATENATE("'",H21,"'")),",",IF(I21="NULL","NULL",CONCATENATE("'",I21,"'")),",",IF(J21="NULL","NULL",CONCATENATE("'",J21,"'")),",'",K21,"',",IF(L21="NULL","NULL",CONCATENATE("'",L21,"'")),",",IF(M21="NULL","NULL",CONCATENATE("'",M21,"'")),",'",N21,"');") -> VALUES('RPT_JOBS_DISCREPANCY_CO','ACC_TYPE_CO','0','RCD_DT_COMPLETE','R','Date Completed','1',NULL,NULL,NULL,'Y',NULL,NULL,'N'); | R21: =CONCATENATE(O21,P21) -> INSERT INTO `T_CORE_RPT_FILTER`(`RPTF_ID`,`RPTF_ACCN_TYPE`,`RPTF_IDX`,`RPTF_NAME`,`RPTF_FILTYPE`,`RPTF_CAPTION`,`RPTF_BASIC_ROW`,`RPTF_LISTBOX_TBL`,`RPTF_LISTBOX_IDCOL`,`RPTF_LISTBOX_CAPCOL`,`RPTF_SHOW`,`RPTF_DEFVAL`,`RPTF_IFNULLVAL`,`RPTF_MANDATORY`) VALUES('RPT_JOBS_DISCREPANCY_CO','ACC_TYPE_CO','0','RCD_DT_COMPLETE','R','Date Completed','1',NULL,NULL,NULL,'Y',NULL,NULL,'N');
A22: RPT_JOBS_DISCREPANCY_CO | B22: ACC_TYPE_CO | C22: 1 | D22: IS_DEVIATED | E22: L | F22: Is Deviated | G22: 2 | H22: LIST | I22: Y,N | J22: YES,NO | K22: Y | L22: Y | M22: Y | N22: N | O22: =CONCATENATE("INSERT INTO `T_CORE_RPT_FILTER`(`RPTF_ID`,`RPTF_ACCN_TYPE`,`RPTF_IDX`,`RPTF_NAME`,`RPTF_FILTYPE`,`RPTF_CAPTION`,`RPTF_BASIC_ROW`,`RPTF_LISTBOX_TBL`,`RPTF_LISTBOX_IDCOL`,`RPTF_LISTBOX_CAPCOL`,`RPTF_SHOW`,`RPTF_DEFVAL`,`RPTF_IFNULLVAL`,`RPTF_MANDATORY`)") -> INSERT INTO `T_CORE_RPT_FILTER`(`RPTF_ID`,`RPTF_ACCN_TYPE`,`RPTF_IDX`,`RPTF_NAME`,`RPTF_FILTYPE`,`RPTF_CAPTION`,`RPTF_BASIC_ROW`,`RPTF_LISTBOX_TBL`,`RPTF_LISTBOX_IDCOL`,`RPTF_LISTBOX_CAPCOL`,`RPTF_SHOW`,`RPTF_DEFVAL`,`RPTF_IFNULLVAL`,`RPTF_MANDATORY`) | P22: =CONCATENATE(" VALUES('",A22,"','",B22,"','",C22,"','",D22,"','",E22,"','",F22,"','",G22,"',",IF(H22="NULL","NULL",CONCATENATE("'",H22,"'")),",",IF(I22="NULL","NULL",CONCATENATE("'",I22,"'")),",",IF(J22="NULL","NULL",CONCATENATE("'",J22,"'")),",'",K22,"',",IF(L22="NULL","NULL",CONCATENATE("'",L22,"'")),",",IF(M22="NULL","NULL",CONCATENATE("'",M22,"'")),",'",N22,"');") -> VALUES('RPT_JOBS_DISCREPANCY_CO','ACC_TYPE_CO','1','IS_DEVIATED','L','Is Deviated','2','LIST','Y,N','YES,NO','Y','Y','Y','N'); | R22: =CONCATENATE(O22,P22) -> INSERT INTO `T_CORE_RPT_FILTER`(`RPTF_ID`,`RPTF_ACCN_TYPE`,`RPTF_IDX`,`RPTF_NAME`,`RPTF_FILTYPE`,`RPTF_CAPTION`,`RPTF_BASIC_ROW`,`RPTF_LISTBOX_TBL`,`RPTF_LISTBOX_IDCOL`,`RPTF_LISTBOX_CAPCOL`,`RPTF_SHOW`,`RPTF_DEFVAL`,`RPTF_IFNULLVAL`,`RPTF_MANDATORY`) VALUES('RPT_JOBS_DISCREPANCY_CO','ACC_TYPE_CO','1','IS_DEVIATED','L','Is Deviated','2','LIST','Y,N','YES,NO','Y','Y','Y','N');
A23: RPT_JOBS_DISCREPANCY_CO | B23: ACC_TYPE_CO | C23: 2 | D23: HAS_DISCREPANCY | E23: L | F23: Has Discrepancy | G23: 3 | H23: LIST | I23: Y,N | J23: YES,NO | K23: Y | L23: Y | M23: Y | N23: N | O23: =CONCATENATE("INSERT INTO `T_CORE_RPT_FILTER`(`RPTF_ID`,`RPTF_ACCN_TYPE`,`RPTF_IDX`,`RPTF_NAME`,`RPTF_FILTYPE`,`RPTF_CAPTION`,`RPTF_BASIC_ROW`,`RPTF_LISTBOX_TBL`,`RPTF_LISTBOX_IDCOL`,`RPTF_LISTBOX_CAPCOL`,`RPTF_SHOW`,`RPTF_DEFVAL`,`RPTF_IFNULLVAL`,`RPTF_MANDATORY`)") -> INSERT INTO `T_CORE_RPT_FILTER`(`RPTF_ID`,`RPTF_ACCN_TYPE`,`RPTF_IDX`,`RPTF_NAME`,`RPTF_FILTYPE`,`RPTF_CAPTION`,`RPTF_BASIC_ROW`,`RPTF_LISTBOX_TBL`,`RPTF_LISTBOX_IDCOL`,`RPTF_LISTBOX_CAPCOL`,`RPTF_SHOW`,`RPTF_DEFVAL`,`RPTF_IFNULLVAL`,`RPTF_MANDATORY`) | P23: =CONCATENATE(" VALUES('",A23,"','",B23,"','",C23,"','",D23,"','",E23,"','",F23,"','",G23,"',",IF(H23="NULL","NULL",CONCATENATE("'",H23,"'")),",",IF(I23="NULL","NULL",CONCATENATE("'",I23,"'")),",",IF(J23="NULL","NULL",CONCATENATE("'",J23,"'")),",'",K23,"',",IF(L23="NULL","NULL",CONCATENATE("'",L23,"'")),",",IF(M23="NULL","NULL",CONCATENATE("'",M23,"'")),",'",N23,"');") -> VALUES('RPT_JOBS_DISCREPANCY_CO','ACC_TYPE_CO','2','HAS_DISCREPANCY','L','Has Discrepancy','3','LIST','Y,N','YES,NO','Y','Y','Y','N'); | R23: =CONCATENATE(O23,P23) -> INSERT INTO `T_CORE_RPT_FILTER`(`RPTF_ID`,`RPTF_ACCN_TYPE`,`RPTF_IDX`,`RPTF_NAME`,`RPTF_FILTYPE`,`RPTF_CAPTION`,`RPTF_BASIC_ROW`,`RPTF_LISTBOX_TBL`,`RPTF_LISTBOX_IDCOL`,`RPTF_LISTBOX_CAPCOL`,`RPTF_SHOW`,`RPTF_DEFVAL`,`RPTF_IFNULLVAL`,`RPTF_MANDATORY`) VALUES('RPT_JOBS_DISCREPANCY_CO','ACC_TYPE_CO','2','HAS_DISCREPANCY','L','Has Discrepancy','3','LIST','Y,N','YES,NO','Y','Y','Y','N');

Sheet Menu_EX
A1: MENU_ID | B1: MENU_APPS_CODE | C1: MENU_GROUP_LABEL | D1: MENU_GROUP_LABEL_OTH | E1: MENU_NAME | F1: MENU_NAME_OTH | G1: MENU_SEQ | H1: MENU_PATH | I1: MENU_ICON | J1: MENU_PARENT | K1: MENU_STATUS | L1: SQL
A2: CK_MS_010000 | B2: CK | C2: Services | D2: Services | E2: Services | F2: Services | G2: 10000 | H2: / | I2: NULL | J2: NULL | K2: A | L2: =CONCATENATE("INSERT INTO T_CORE_MENU_EX (MENU_ID, MENU_APPS_CODE, MENU_GROUP_LABEL, MENU_GROUP_LABEL_OTH, MENU_NAME, MENU_NAME_OTH, MENU_SEQ, MENU_PATH, MENU_ICON, MENU_PARENT, MENU_STATUS, MENU_DT_CREATE, MENU_UID_CREATE, MENU_DT_LUPD, MENU_UID_LUPD) ") -> INSERT INTO T_CORE_MENU_EX (MENU_ID, MENU_APPS_CODE, MENU_GROUP_LABEL, MENU_GROUP_LABEL_OTH, MENU_NAME, MENU_NAME_OTH, MENU_SEQ, MENU_PATH, MENU_ICON, MENU_PARENT, MENU_STATUS, MENU_DT_CREATE, MENU_UID_CREATE, MENU_DT_LUPD, MENU_UID_LUPD) | M2: =CONCATENATE(" VALUES('",A2,"','",B2,"','",C2,"','",D2,"','",E2,"','",F2,"',",IF(G2="NULL","NULL",CONCATENATE("'",G2,"'")),",",IF(H2="NULL","NULL",CONCATENATE("'",H2,"'")),",",IF(I2="NULL","NULL",CONCATENATE("'",I2,"'")),",",IF(J2="NULL","NULL",CONCATENATE("'",J2,"'")),",'A',NOW(),'SYS',NOW(),'SYS');") -> VALUES('CK_MS_010000','CK','Services','Services','Services','Services','10000','/',NULL,NULL,'A',NOW(),'SYS',NOW(),'SYS'); | N2: =CONCATENATE(L2,M2) -> INSERT INTO T_CORE_MENU_EX (MENU_ID, MENU_APPS_CODE, MENU_GROUP_LABEL, MENU_GROUP_LABEL_OTH, MENU_NAME, MENU_NAME_OTH, MENU_SEQ, MENU_PATH, MENU_ICON, MENU_PARENT, MENU_STATUS, MENU_DT_CREATE, MENU_UID_CREATE, MENU_DT_LUPD, MENU_UID_LUPD) VALUES('CK_MS_010000','CK','Services','Services','Services','Services','10000','/',NULL,NULL,'A',NOW(),'SYS',NOW(),'SYS');
A3: CK_MP_020000 | B3: CK | C3: Payments | D3: Payments | E3: Payments | F3: Payments | G3: 20000 | H3: /payments | I3: NULL | J3: NULL | K3: A | L3: =CONCATENATE("INSERT INTO T_CORE_MENU_EX (MENU_ID, MENU_APPS_CODE, MENU_GROUP_LABEL, MENU_GROUP_LABEL_OTH, MENU_NAME, MENU_NAME_OTH, MENU_SEQ, MENU_PATH, MENU_ICON, MENU_PARENT, MENU_STATUS, MENU_DT_CREATE, MENU_UID_CREATE, MENU_DT_LUPD, MENU_UID_LUPD) ") -> INSERT INTO T_CORE_MENU_EX (MENU_ID, MENU_APPS_CODE, MENU_GROUP_LABEL, MENU_GROUP_LABEL_OTH, MENU_NAME, MENU_NAME_OTH, MENU_SEQ, MENU_PATH, MENU_ICON, MENU_PARENT, MENU_STATUS, MENU_DT_CREATE, MENU_UID_CREATE, MENU_DT_LUPD, MENU_UID_LUPD) | M3: =CONCATENATE(" VALUES('",A3,"','",B3,"','",C3,"','",D3,"','",E3,"','",F3,"',",IF(G3="NULL","NULL",CONCATENATE("'",G3,"'")),",",IF(H3="NULL","NULL",CONCATENATE("'",H3,"'")),",",IF(I3="NULL","NULL",CONCATENATE("'",I3,"'")),",",IF(J3="NULL","NULL",CONCATENATE("'",J3,"'")),",'A',NOW(),'SYS',NOW(),'SYS');") -> VALUES('CK_MP_020000','CK','Payments','Payments','Payments','Payments','20000','/payments',NULL,NULL,'A',NOW(),'SYS',NOW(),'SYS'); | N3: =CONCATENATE(L3,M3) -> INSERT INTO T_CORE_MENU_EX (MENU_ID, MENU_APPS_CODE, MENU_GROUP_LABEL, MENU_GROUP_LABEL_OTH, MENU_NAME, MENU_NAME_OTH, MENU_SEQ, MENU_PATH, MENU_ICON, MENU_PARENT, MENU_STATUS, MENU_DT_CREATE, MENU_UID_CREATE, MENU_DT_LUPD, MENU_UID_LUPD) VALUES('CK_MP_020000','CK','Payments','Payments','Payments','Payments','20000','/payments',NULL,NULL,'A',NOW(),'SYS',NOW(),'SYS');
A4: CK_MA_030000 | B4: CK | C4: Administrations | D4: Administrations | E4: Administrations | F4: Administrations | G4: 30000 | H4: NULL | I4: group | J4: NULL | K4: A | L4: =CONCATENATE("INSERT INTO T_CORE_MENU_EX (MENU_ID, MENU_APPS_CODE, MENU_GROUP_LABEL, MENU_GROUP_LABEL_OTH, MENU_NAME, MENU_NAME_OTH, MENU_SEQ, MENU_PATH, MENU_ICON, MENU_PARENT, MENU_STATUS, MENU_DT_CREATE, MENU_UID_CREATE, MENU_DT_LUPD, MENU_UID_LUPD) ") -> INSERT INTO T_CORE_MENU_EX (MENU_ID, MENU_APPS_CODE, MENU_GROUP_LABEL, MENU_GROUP_LABEL_OTH, MENU_NAME, MENU_NAME_OTH, MENU_SEQ, MENU_PATH, MENU_ICON, MENU_PARENT, MENU_STATUS, MENU_DT_CREATE, MENU_UID_CREATE, MENU_DT_LUPD, MENU_UID_LUPD) | M4: =CONCATENATE(" VALUES('",A4,"','",B4,"','",C4,"','",D4,"','",E4,"','",F4,"',",IF(G4="NULL","NULL",CONCATENATE("'",G4,"'")),",",IF(H4="NULL","NULL",CONCATENATE("'",H4,"'")),",",IF(I4="NULL","NULL",CONCATENATE("'",I4,"'")),",",IF(J4="NULL","NULL",CONCATENATE("'",J4,"'")),",'A',NOW(),'SYS',NOW(),'SYS');") -> VALUES('CK_MA_030000','CK','Administrations','Administrations','Administrations','Administrations','30000',NULL,'group',NULL,'A',NOW(),'SYS',NOW(),'SYS'); | N4: =CONCATENATE(L4,M4) -> INSERT INTO T_CORE_MENU_EX (MENU_ID, MENU_APPS_CODE, MENU_GROUP_LABEL, MENU_GROUP_LABEL_OTH, MENU_NAME, MENU_NAME_OTH, MENU_SEQ, MENU_PATH, MENU_ICON, MENU_PARENT, MENU_STATUS, MENU_DT_CREATE, MENU_UID_CREATE, MENU_DT_LUPD, MENU_UID_LUPD) VALUES('CK_MA_030000','CK','Administrations','Administrations','Administrations','Administrations','30000',NULL,'group',NULL,'A',NOW(),'SYS',NOW(),'SYS');
A5: CK_MA_030100 | B5: CK | E5: Account Profile | F5: Account Profile | G5: 30100 | H5: /accountProfile | I5: NULL | J5: CK_MA_030000 | K5: A | L5: =CONCATENATE("INSERT INTO T_CORE_MENU_EX (MENU_ID, MENU_APPS_CODE, MENU_GROUP_LABEL, MENU_GROUP_LABEL_OTH, MENU_NAME, MENU_NAME_OTH, MENU_SEQ, MENU_PATH, MENU_ICON, MENU_PARENT, MENU_STATUS, MENU_DT_CREATE, MENU_UID_CREATE, MENU_DT_LUPD, MENU_UID_LUPD) ") -> INSERT INTO T_CORE_MENU_EX (MENU_ID, MENU_APPS_CODE, MENU_GROUP_LABEL, MENU_GROUP_LABEL_OTH, MENU_NAME, MENU_NAME_OTH, MENU_SEQ, MENU_PATH, MENU_ICON, MENU_PARENT, MENU_STATUS, MENU_DT_CREATE, MENU_UID_CREATE, MENU_DT_LUPD, MENU_UID_LUPD) | M5: =CONCATENATE(" VALUES('",A5,"','",B5,"','",C5,"','",D5,"','",E5,"','",F5,"',",IF(G5="NULL","NULL",CONCATENATE("'",G5,"'")),",",IF(H5="NULL","NULL",CONCATENATE("'",H5,"'")),",",IF(I5="NULL","NULL",CONCATENATE("'",I5,"'")),",",IF(J5="NULL","NULL",CONCATENATE("'",J5,"'")),",'A',NOW(),'SYS',NOW(),'SYS');") -> VALUES('CK_MA_030100','CK','','','Account Profile','Account Profile','30100','/accountProfile',NULL,'CK_MA_030000','A',NOW(),'SYS',NOW(),'SYS'); | N5: =CONCATENATE(L5,M5) -> INSERT INTO T_CORE_MENU_EX (MENU_ID, MENU_APPS_CODE, MENU_GROUP_LABEL, MENU_GROUP_LABEL_OTH, MENU_NAME, MENU_NAME_OTH, MENU_SEQ, MENU_PATH, MENU_ICON, MENU_PARENT, MENU_STATUS, MENU_DT_CREATE, MENU_UID_CREATE, MENU_DT_LUPD, MENU_UID_LUPD) VALUES('CK_MA_030100','CK','','','Account Profile','Account Profile','30100','/accountProfile',NULL,'CK_MA_030000','A',NOW(),'SYS',NOW(),'SYS');
A6: CK_MA_030200 | B6: CK | E6: Users | F6: Users | G6: 30200 | H6: /accountUsers | I6: NULL | J6: CK_MA_030000 | K6: A | L6: =CONCATENATE("INSERT INTO T_CORE_MENU_EX (MENU_ID, MENU_APPS_CODE, MENU_GROUP_LABEL, MENU_GROUP_LABEL_OTH, MENU_NAME, MENU_NAME_OTH, MENU_SEQ, MENU_PATH, MENU_ICON, MENU_PARENT, MENU_STATUS, MENU_DT_CREATE, MENU_UID_CREATE, MENU_DT_LUPD, MENU_UID_LUPD) ") -> INSERT INTO T_CORE_MENU_EX (MENU_ID, MENU_APPS_CODE, MENU_GROUP_LABEL, MENU_GROUP_LABEL_OTH, MENU_NAME, MENU_NAME_OTH, MENU_SEQ, MENU_PATH, MENU_ICON, MENU_PARENT, MENU_STATUS, MENU_DT_CREATE, MENU_UID_CREATE, MENU_DT_LUPD, MENU_UID_LUPD) | M6: =CONCATENATE(" VALUES('",A6,"','",B6,"','",C6,"','",D6,"','",E6,"','",F6,"',",IF(G6="NULL","NULL",CONCATENATE("'",G6,"'")),",",IF(H6="NULL","NULL",CONCATENATE("'",H6,"'")),",",IF(I6="NULL","NULL",CONCATENATE("'",I6,"'")),",",IF(J6="NULL","NULL",CONCATENATE("'",J6,"'")),",'A',NOW(),'SYS',NOW(),'SYS');") -> VALUES('CK_MA_030200','CK','','','Users','Users','30200','/accountUsers',NULL,'CK_MA_030000','A',NOW(),'SYS',NOW(),'SYS'); | N6: =CONCATENATE(L6,M6) -> INSERT INTO T_CORE_MENU_EX (MENU_ID, MENU_APPS_CODE, MENU_GROUP_LABEL, MENU_GROUP_LABEL_OTH, MENU_NAME, MENU_NAME_OTH, MENU_SEQ, MENU_PATH, MENU_ICON, MENU_PARENT, MENU_STATUS, MENU_DT_CREATE, MENU_UID_CREATE, MENU_DT_LUPD, MENU_UID_LUPD) VALUES('CK_MA_030200','CK','','','Users','Users','30200','/accountUsers',NULL,'CK_MA_030000','A',NOW(),'SYS',NOW(),'SYS');
A7: CK_MA_030300 | B7: CK | E7: Authorisations | F7: Authorisations | G7: 30400 | H7: /accountAuthorisations | I7: NULL | J7: CK_MA_030000 | K7: A | L7: =CONCATENATE("INSERT INTO T_CORE_MENU_EX (MENU_ID, MENU_APPS_CODE, MENU_GROUP_LABEL, MENU_GROUP_LABEL_OTH, MENU_NAME, MENU_NAME_OTH, MENU_SEQ, MENU_PATH, MENU_ICON, MENU_PARENT, MENU_STATUS, MENU_DT_CREATE, MENU_UID_CREATE, MENU_DT_LUPD, MENU_UID_LUPD) ") -> INSERT INTO T_CORE_MENU_EX (MENU_ID, MENU_APPS_CODE, MENU_GROUP_LABEL, MENU_GROUP_LABEL_OTH, MENU_NAME, MENU_NAME_OTH, MENU_SEQ, MENU_PATH, MENU_ICON, MENU_PARENT, MENU_STATUS, MENU_DT_CREATE, MENU_UID_CREATE, MENU_DT_LUPD, MENU_UID_LUPD) | M7: =CONCATENATE(" VALUES('",A7,"','",B7,"','",C7,"','",D7,"','",E7,"','",F7,"',",IF(G7="NULL","NULL",CONCATENATE("'",G7,"'")),",",IF(H7="NULL","NULL",CONCATENATE("'",H7,"'")),",",IF(I7="NULL","NULL",CONCATENATE("'",I7,"'")),",",IF(J7="NULL","NULL",CONCATENATE("'",J7,"'")),",'A',NOW(),'SYS',NOW(),'SYS');") -> VALUES('CK_MA_030300','CK','','','Authorisations','Authorisations','30400','/accountAuthorisations',NULL,'CK_MA_030000','A',NOW(),'SYS',NOW(),'SYS'); | N7: =CONCATENATE(L7,M7) -> INSERT INTO T_CORE_MENU_EX (MENU_ID, MENU_APPS_CODE, MENU_GROUP_LABEL, MENU_GROUP_LABEL_OTH, MENU_NAME, MENU_NAME_OTH, MENU_SEQ, MENU_PATH, MENU_ICON, MENU_PARENT, MENU_STATUS, MENU_DT_CREATE, MENU_UID_CREATE, MENU_DT_LUPD, MENU_UID_LUPD) VALUES('CK_MA_030300','CK','','','Authorisations','Authorisations','30400','/accountAuthorisations',NULL,'CK_MA_030000','A',NOW(),'SYS',NOW(),'SYS');
A8: CK_MH_040000 | B8: CK | C8: Help | D8: Help | E8: Help | F8: Help | G8: 40000 | H8: /help | I8: NULL | J8: NULL | K8: A | L8: =CONCATENATE("INSERT INTO T_CORE_MENU_EX (MENU_ID, MENU_APPS_CODE, MENU_GROUP_LABEL, MENU_GROUP_LABEL_OTH, MENU_NAME, MENU_NAME_OTH, MENU_SEQ, MENU_PATH, MENU_ICON, MENU_PARENT, MENU_STATUS, MENU_DT_CREATE, MENU_UID_CREATE, MENU_DT_LUPD, MENU_UID_LUPD) ") -> INSERT INTO T_CORE_MENU_EX (MENU_ID, MENU_APPS_CODE, MENU_GROUP_LABEL, MENU_GROUP_LABEL_OTH, MENU_NAME, MENU_NAME_OTH, MENU_SEQ, MENU_PATH, MENU_ICON, MENU_PARENT, MENU_STATUS, MENU_DT_CREATE, MENU_UID_CREATE, MENU_DT_LUPD, MENU_UID_LUPD) | M8: =CONCATENATE(" VALUES('",A8,"','",B8,"','",C8,"','",D8,"','",E8,"','",F8,"',",IF(G8="NULL","NULL",CONCATENATE("'",G8,"'")),",",IF(H8="NULL","NULL",CONCATENATE("'",H8,"'")),",",IF(I8="NULL","NULL",CONCATENATE("'",I8,"'")),",",IF(J8="NULL","NULL",CONCATENATE("'",J8,"'")),",'A',NOW(),'SYS',NOW(),'SYS');") -> VALUES('CK_MH_040000','CK','Help','Help','Help','Help','40000','/help',NULL,NULL,'A',NOW(),'SYS',NOW(),'SYS'); | N8: =CONCATENATE(L8,M8) -> INSERT INTO T_CORE_MENU_EX (MENU_ID, MENU_APPS_CODE, MENU_GROUP_LABEL, MENU_GROUP_LABEL_OTH, MENU_NAME, MENU_NAME_OTH, MENU_SEQ, MENU_PATH, MENU_ICON, MENU_PARENT, MENU_STATUS, MENU_DT_CREATE, MENU_UID_CREATE, MENU_DT_LUPD, MENU_UID_LUPD) VALUES('CK_MH_040000','CK','Help','Help','Help','Help','40000','/help',NULL,NULL,'A',NOW(),'SYS',NOW(),'SYS');
A9: CK_MT_050000 | B9: CK | C9: Master Table | D9: Master Table | E9: Master Table | F9: Master Table | G9: 50000 | H9: NULL | I9: table_view | J9: NULL | K9: A | L9: =CONCATENATE("INSERT INTO T_CORE_MENU_EX (MENU_ID, MENU_APPS_CODE, MENU_GROUP_LABEL, MENU_GROUP_LABEL_OTH, MENU_NAME, MENU_NAME_OTH, MENU_SEQ, MENU_PATH, MENU_ICON, MENU_PARENT, MENU_STATUS, MENU_DT_CREATE, MENU_UID_CREATE, MENU_DT_LUPD, MENU_UID_LUPD) ") -> INSERT INTO T_CORE_MENU_EX (MENU_ID, MENU_APPS_CODE, MENU_GROUP_LABEL, MENU_GROUP_LABEL_OTH, MENU_NAME, MENU_NAME_OTH, MENU_SEQ, MENU_PATH, MENU_ICON, MENU_PARENT, MENU_STATUS, MENU_DT_CREATE, MENU_UID_CREATE, MENU_DT_LUPD, MENU_UID_LUPD) | M9: =CONCATENATE(" VALUES('",A9,"','",B9,"','",C9,"','",D9,"','",E9,"','",F9,"',",IF(G9="NULL","NULL",CONCATENATE("'",G9,"'")),",",IF(H9="NULL","NULL",CONCATENATE("'",H9,"'")),",",IF(I9="NULL","NULL",CONCATENATE("'",I9,"'")),",",IF(J9="NULL","NULL",CONCATENATE("'",J9,"'")),",'A',NOW(),'SYS',NOW(),'SYS');") -> VALUES('CK_MT_050000','CK','Master Table','Master Table','Master Table','Master Table','50000',NULL,'table_view',NULL,'A',NOW(),'SYS',NOW(),'SYS'); | N9: =CONCATENATE(L9,M9) -> INSERT INTO T_CORE_MENU_EX (MENU_ID, MENU_APPS_CODE, MENU_GROUP_LABEL, MENU_GROUP_LABEL_OTH, MENU_NAME, MENU_NAME_OTH, MENU_SEQ, MENU_PATH, MENU_ICON, MENU_PARENT, MENU_STATUS, MENU_DT_CREATE, MENU_UID_CREATE, MENU_DT_LUPD, MENU_UID_LUPD) VALUES('CK_MT_050000','CK','Master Table','Master Table','Master Table','Master Table','50000',NULL,'table_view',NULL,'A',NOW(),'SYS',NOW(),'SYS');
A10: CK_MT_050100 | B10: CK | E10: Announcement Type | F10: Announcement Type | G10: 50100 | H10: /configuration/announcementType/list | I10: NULL | J10: CK_MT_050000 | K10: A | L10: =CONCATENATE("INSERT INTO T_CORE_MENU_EX (MENU_ID, MENU_APPS_CODE, MENU_GROUP_LABEL, MENU_GROUP_LABEL_OTH, MENU_NAME, MENU_NAME_OTH, MENU_SEQ, MENU_PATH, MENU_ICON, MENU_PARENT, MENU_STATUS, MENU_DT_CREATE, MENU_UID_CREATE, MENU_DT_LUPD, MENU_UID_LUPD) ") -> INSERT INTO T_CORE_MENU_EX (MENU_ID, MENU_APPS_CODE, MENU_GROUP_LABEL, MENU_GROUP_LABEL_OTH, MENU_NAME, MENU_NAME_OTH, MENU_SEQ, MENU_PATH, MENU_ICON, MENU_PARENT, MENU_STATUS, MENU_DT_CREATE, MENU_UID_CREATE, MENU_DT_LUPD, MENU_UID_LUPD) | M10: =CONCATENATE(" VALUES('",A10,"','",B10,"','",C10,"','",D10,"','",E10,"','",F10,"',",IF(G10="NULL","NULL",CONCATENATE("'",G10,"'")),",",IF(H10="NULL","NULL",CONCATENATE("'",H10,"'")),",",IF(I10="NULL","NULL",CONCATENATE("'",I10,"'")),",",IF(J10="NULL","NULL",CONCATENATE("'",J10,"'")),",'A',NOW(),'SYS',NOW(),'SYS');") -> VALUES('CK_MT_050100','CK','','','Announcement Type','Announcement Type','50100','/configuration/announcementType/list',NULL,'CK_MT_050000','A',NOW(),'SYS',NOW(),'SYS'); | N10: =CONCATENATE(L10,M10) -> INSERT INTO T_CORE_MENU_EX (MENU_ID, MENU_APPS_CODE, MENU_GROUP_LABEL, MENU_GROUP_LABEL_OTH, MENU_NAME, MENU_NAME_OTH, MENU_SEQ, MENU_PATH, MENU_ICON, MENU_PARENT, MENU_STATUS, MENU_DT_CREATE, MENU_UID_CREATE, MENU_DT_LUPD, MENU_UID_LUPD) VALUES('CK_MT_050100','CK','','','Announcement Type','Announcement Type','50100','/configuration/announcementType/list',NULL,'CK_MT_050000','A',NOW(),'SYS',NOW(),'SYS');
A11: CK_MT_050200 | B11: CK | E11: Country Codes | F11: Country Codes | G11: 50200 | H11: /master/country/list | I11: NULL | J11: CK_MT_050000 | K11: A | L11: =CONCATENATE("INSERT INTO T_CORE_MENU_EX (MENU_ID, MENU_APPS_CODE, MENU_GROUP_LABEL, MENU_GROUP_LABEL_OTH, MENU_NAME, MENU_NAME_OTH, MENU_SEQ, MENU_PATH, MENU_ICON, MENU_PARENT, MENU_STATUS, MENU_DT_CREATE, MENU_UID_CREATE, MENU_DT_LUPD, MENU_UID_LUPD) ") -> INSERT INTO T_CORE_MENU_EX (MENU_ID, MENU_APPS_CODE, MENU_GROUP_LABEL, MENU_GROUP_LABEL_OTH, MENU_NAME, MENU_NAME_OTH, MENU_SEQ, MENU_PATH, MENU_ICON, MENU_PARENT, MENU_STATUS, MENU_DT_CREATE, MENU_UID_CREATE, MENU_DT_LUPD, MENU_UID_LUPD) | M11: =CONCATENATE(" VALUES('",A11,"','",B11,"','",C11,"','",D11,"','",E11,"','",F11,"',",IF(G11="NULL","NULL",CONCATENATE("'",G11,"'")),",",IF(H11="NULL","NULL",CONCATENATE("'",H11,"'")),",",IF(I11="NULL","NULL",CONCATENATE("'",I11,"'")),",",IF(J11="NULL","NULL",CONCATENATE("'",J11,"'")),",'A',NOW(),'SYS',NOW(),'SYS');") -> VALUES('CK_MT_050200','CK','','','Country Codes','Country Codes','50200','/master/country/list',NULL,'CK_MT_050000','A',NOW(),'SYS',NOW(),'SYS'); | N11: =CONCATENATE(L11,M11) -> INSERT INTO T_CORE_MENU_EX (MENU_ID, MENU_APPS_CODE, MENU_GROUP_LABEL, MENU_GROUP_LABEL_OTH, MENU_NAME, MENU_NAME_OTH, MENU_SEQ, MENU_PATH, MENU_ICON, MENU_PARENT, MENU_STATUS, MENU_DT_CREATE, MENU_UID_CREATE, MENU_DT_LUPD, MENU_UID_LUPD) VALUES('CK_MT_050200','CK','','','Country Codes','Country Codes','50200','/master/country/list',NULL,'CK_MT_050000','A',NOW(),'SYS',NOW(),'SYS');
A12: CK_MT_050300 | B12: CK | E12: Currency Code | F12: Currency Code | G12: 50300 | H12: /master/currency/list | I12: NULL | J12: CK_MT_050000 | K12: A | L12: =CONCATENATE("INSERT INTO T_CORE_MENU_EX (MENU_ID, MENU_APPS_CODE, MENU_GROUP_LABEL, MENU_GROUP_LABEL_OTH, MENU_NAME, MENU_NAME_OTH, MENU_SEQ, MENU_PATH, MENU_ICON, MENU_PARENT, MENU_STATUS, MENU_DT_CREATE, MENU_UID_CREATE, MENU_DT_LUPD, MENU_UID_LUPD) ") -> INSERT INTO T_CORE_MENU_EX (MENU_ID, MENU_APPS_CODE, MENU_GROUP_LABEL, MENU_GROUP_LABEL_OTH, MENU_NAME, MENU_NAME_OTH, MENU_SEQ, MENU_PATH, MENU_ICON, MENU_PARENT, MENU_STATUS, MENU_DT_CREATE, MENU_UID_CREATE, MENU_DT_LUPD, MENU_UID_LUPD) | M12: =CONCATENATE(" VALUES('",A12,"','",B12,"','",C12,"','",D12,"','",E12,"','",F12,"',",IF(G12="NULL","NULL",CONCATENATE("'",G12,"'")),",",IF(H12="NULL","NULL",CONCATENATE("'",H12,"'")),",",IF(I12="NULL","NULL",CONCATENATE("'",I12,"'")),",",IF(J12="NULL","NULL",CONCATENATE("'",J12,"'")),",'A',NOW(),'SYS',NOW(),'SYS');") -> VALUES('CK_MT_050300','CK','','','Currency Code','Currency Code','50300','/master/currency/list',NULL,'CK_MT_050000','A',NOW(),'SYS',NOW(),'SYS'); | N12: =CONCATENATE(L12,M12) -> INSERT INTO T_CORE_MENU_EX (MENU_ID, MENU_APPS_CODE, MENU_GROUP_LABEL, MENU_GROUP_LABEL_OTH, MENU_NAME, MENU_NAME_OTH, MENU_SEQ, MENU_PATH, MENU_ICON, MENU_PARENT, MENU_STATUS, MENU_DT_CREATE, MENU_UID_CREATE, MENU_DT_LUPD, MENU_UID_LUPD) VALUES('CK_MT_050300','CK','','','Currency Code','Currency Code','50300','/master/currency/list',NULL,'CK_MT_050000','A',NOW(),'SYS',NOW(),'SYS');
A13: CK_MT_050400 | B13: CK | E13: Harmonized System Codes | F13: Harmonized System Codes | G13: 50400 | H13: /master/hsCode/list | I13: NULL | J13: CK_MT_050000 | K13: A | L13: =CONCATENATE("INSERT INTO T_CORE_MENU_EX (MENU_ID, MENU_APPS_CODE, MENU_GROUP_LABEL, MENU_GROUP_LABEL_OTH, MENU_NAME, MENU_NAME_OTH, MENU_SEQ, MENU_PATH, MENU_ICON, MENU_PARENT, MENU_STATUS, MENU_DT_CREATE, MENU_UID_CREATE, MENU_DT_LUPD, MENU_UID_LUPD) ") -> INSERT INTO T_CORE_MENU_EX (MENU_ID, MENU_APPS_CODE, MENU_GROUP_LABEL, MENU_GROUP_LABEL_OTH, MENU_NAME, MENU_NAME_OTH, MENU_SEQ, MENU_PATH, MENU_ICON, MENU_PARENT, MENU_STATUS, MENU_DT_CREATE, MENU_UID_CREATE, MENU_DT_LUPD, MENU_UID_LUPD) | M13: =CONCATENATE(" VALUES('",A13,"','",B13,"','",C13,"','",D13,"','",E13,"','",F13,"',",IF(G13="NULL","NULL",CONCATENATE("'",G13,"'")),",",IF(H13="NULL","NULL",CONCATENATE("'",H13,"'")),",",IF(I13="NULL","NULL",CONCATENATE("'",I13,"'")),",",IF(J13="NULL","NULL",CONCATENATE("'",J13,"'")),",'A',NOW(),'SYS',NOW(),'SYS');") -> VALUES('CK_MT_050400','CK','','','Harmonized System Codes','Harmonized System Codes','50400','/master/hsCode/list',NULL,'CK_MT_050000','A',NOW(),'SYS',NOW(),'SYS'); | N13: =CONCATENATE(L13,M13) -> INSERT INTO T_CORE_MENU_EX (MENU_ID, MENU_APPS_CODE, MENU_GROUP_LABEL, MENU_GROUP_LABEL_OTH, MENU_NAME, MENU_NAME_OTH, MENU_SEQ, MENU_PATH, MENU_ICON, MENU_PARENT, MENU_STATUS, MENU_DT_CREATE, MENU_UID_CREATE, MENU_DT_LUPD, MENU_UID_LUPD) VALUES('CK_MT_050400','CK','','','Harmonized System Codes','Harmonized System Codes','50400','/master/hsCode/list',NULL,'CK_MT_050000','A',NOW(),'SYS',NOW(),'SYS');
A14: CK_MT_050500 | B14: CK | E14: Notification Templates | F14: Notification Templates | G14: 50500 | H14: /notification/templates/list | I14: NULL | J14: CK_MT_050000 | K14: A | L14: =CONCATENATE("INSERT INTO T_CORE_MENU_EX (MENU_ID, MENU_APPS_CODE, MENU_GROUP_LABEL, MENU_GROUP_LABEL_OTH, MENU_NAME, MENU_NAME_OTH, MENU_SEQ, MENU_PATH, MENU_ICON, MENU_PARENT, MENU_STATUS, MENU_DT_CREATE, MENU_UID_CREATE, MENU_DT_LUPD, MENU_UID_LUPD) ") -> INSERT INTO T_CORE_MENU_EX (MENU_ID, MENU_APPS_CODE, MENU_GROUP_LABEL, MENU_GROUP_LABEL_OTH, MENU_NAME, MENU_NAME_OTH, MENU_SEQ, MENU_PATH, MENU_ICON, MENU_PARENT, MENU_STATUS, MENU_DT_CREATE, MENU_UID_CREATE, MENU_DT_LUPD, MENU_UID_LUPD) | M14: =CONCATENATE(" VALUES('",A14,"','",B14,"','",C14,"','",D14,"','",E14,"','",F14,"',",IF(G14="NULL","NULL",CONCATENATE("'",G14,"'")),",",IF(H14="NULL","NULL",CONCATENATE("'",H14,"'")),",",IF(I14="NULL","NULL",CONCATENATE("'",I14,"'")),",",IF(J14="NULL","NULL",CONCATENATE("'",J14,"'")),",'A',NOW(),'SYS',NOW(),'SYS');") -> VALUES('CK_MT_050500','CK','','','Notification Templates','Notification Templates','50500','/notification/templates/list',NULL,'CK_MT_050000','A',NOW(),'SYS',NOW(),'SYS'); | N14: =CONCATENATE(L14,M14) -> INSERT INTO T_CORE_MENU_EX (MENU_ID, MENU_APPS_CODE, MENU_GROUP_LABEL, MENU_GROUP_LABEL_OTH, MENU_NAME, MENU_NAME_OTH, MENU_SEQ, MENU_PATH, MENU_ICON, MENU_PARENT, MENU_STATUS, MENU_DT_CREATE, MENU_UID_CREATE, MENU_DT_LUPD, MENU_UID_LUPD) VALUES('CK_MT_050500','CK','','','Notification Templates','Notification Templates','50500','/notification/templates/list',NULL,'CK_MT_050000','A',NOW(),'SYS',NOW(),'SYS');
A15: CK_MT_050600 | B15: CK | E15: Port Codes | F15: Port Codes | G15: 50600 | H15: /master/port/list | I15: NULL | J15: CK_MT_050000 | K15: A | L15: =CONCATENATE("INSERT INTO T_CORE_MENU_EX (MENU_ID, MENU_APPS_CODE, MENU_GROUP_LABEL, MENU_GROUP_LABEL_OTH, MENU_NAME, MENU_NAME_OTH, MENU_SEQ, MENU_PATH, MENU_ICON, MENU_PARENT, MENU_STATUS, MENU_DT_CREATE, MENU_UID_CREATE, MENU_DT_LUPD, MENU_UID_LUPD) ") -> INSERT INTO T_CORE_MENU_EX (MENU_ID, MENU_APPS_CODE, MENU_GROUP_LABEL, MENU_GROUP_LABEL_OTH, MENU_NAME, MENU_NAME_OTH, MENU_SEQ, MENU_PATH, MENU_ICON, MENU_PARENT, MENU_STATUS, MENU_DT_CREATE, MENU_UID_CREATE, MENU_DT_LUPD, MENU_UID_LUPD) | M15: =CONCATENATE(" VALUES('",A15,"','",B15,"','",C15,"','",D15,"','",E15,"','",F15,"',",IF(G15="NULL","NULL",CONCATENATE("'",G15,"'")),",",IF(H15="NULL","NULL",CONCATENATE("'",H15,"'")),",",IF(I15="NULL","NULL",CONCATENATE("'",I15,"'")),",",IF(J15="NULL","NULL",CONCATENATE("'",J15,"'")),",'A',NOW(),'SYS',NOW(),'SYS');") -> VALUES('CK_MT_050600','CK','','','Port Codes','Port Codes','50600','/master/port/list',NULL,'CK_MT_050000','A',NOW(),'SYS',NOW(),'SYS'); | N15: =CONCATENATE(L15,M15) -> INSERT INTO T_CORE_MENU_EX (MENU_ID, MENU_APPS_CODE, MENU_GROUP_LABEL, MENU_GROUP_LABEL_OTH, MENU_NAME, MENU_NAME_OTH, MENU_SEQ, MENU_PATH, MENU_ICON, MENU_PARENT, MENU_STATUS, MENU_DT_CREATE, MENU_UID_CREATE, MENU_DT_LUPD, MENU_UID_LUPD) VALUES('CK_MT_050600','CK','','','Port Codes','Port Codes','50600','/master/port/list',NULL,'CK_MT_050000','A',NOW(),'SYS',NOW(),'SYS');
A16: CK_MT_050700 | B16: CK | E16: Port Terminal | F16: Port Terminal | G16: 50700 | H16: /master/portTerminal/list | I16: NULL | J16: CK_MT_050000 | K16: A | L16: =CONCATENATE("INSERT INTO T_CORE_MENU_EX (MENU_ID, MENU_APPS_CODE, MENU_GROUP_LABEL, MENU_GROUP_LABEL_OTH, MENU_NAME, MENU_NAME_OTH, MENU_SEQ, MENU_PATH, MENU_ICON, MENU_PARENT, MENU_STATUS, MENU_DT_CREATE, MENU_UID_CREATE, MENU_DT_LUPD, MENU_UID_LUPD) ") -> INSERT INTO T_CORE_MENU_EX (MENU_ID, MENU_APPS_CODE, MENU_GROUP_LABEL, MENU_GROUP_LABEL_OTH, MENU_NAME, MENU_NAME_OTH, MENU_SEQ, MENU_PATH, MENU_ICON, MENU_PARENT, MENU_STATUS, MENU_DT_CREATE, MENU_UID_CREATE, MENU_DT_LUPD, MENU_UID_LUPD) | M16: =CONCATENATE(" VALUES('",A16,"','",B16,"','",C16,"','",D16,"','",E16,"','",F16,"',",IF(G16="NULL","NULL",CONCATENATE("'",G16,"'")),",",IF(H16="NULL","NULL",CONCATENATE("'",H16,"'")),",",IF(I16="NULL","NULL",CONCATENATE("'",I16,"'")),",",IF(J16="NULL","NULL",CONCATENATE("'",J16,"'")),",'A',NOW(),'SYS',NOW(),'SYS');") -> VALUES('CK_MT_050700','CK','','','Port Terminal','Port Terminal','50700','/master/portTerminal/list',NULL,'CK_MT_050000','A',NOW(),'SYS',NOW(),'SYS'); | N16: =CONCATENATE(L16,M16) -> INSERT INTO T_CORE_MENU_EX (MENU_ID, MENU_APPS_CODE, MENU_GROUP_LABEL, MENU_GROUP_LABEL_OTH, MENU_NAME, MENU_NAME_OTH, MENU_SEQ, MENU_PATH, MENU_ICON, MENU_PARENT, MENU_STATUS, MENU_DT_CREATE, MENU_UID_CREATE, MENU_DT_LUPD, MENU_UID_LUPD) VALUES('CK_MT_050700','CK','','','Port Terminal','Port Terminal','50700','/master/portTerminal/list',NULL,'CK_MT_050000','A',NOW(),'SYS',NOW(),'SYS');
A17: CK_MT_050800 | B17: CK | E17: UOM Codes | F17: UOM Codes | G17: 50800 | H17: /master/uom/list | I17: NULL | J17: CK_MT_050000 | K17: A | L17: =CONCATENATE("INSERT INTO T_CORE_MENU_EX (MENU_ID, MENU_APPS_CODE, MENU_GROUP_LABEL, MENU_GROUP_LABEL_OTH, MENU_NAME, MENU_NAME_OTH, MENU_SEQ, MENU_PATH, MENU_ICON, MENU_PARENT, MENU_STATUS, MENU_DT_CREATE, MENU_UID_CREATE, MENU_DT_LUPD, MENU_UID_LUPD) ") -> INSERT INTO T_CORE_MENU_EX (MENU_ID, MENU_APPS_CODE, MENU_GROUP_LABEL, MENU_GROUP_LABEL_OTH, MENU_NAME, MENU_NAME_OTH, MENU_SEQ, MENU_PATH, MENU_ICON, MENU_PARENT, MENU_STATUS, MENU_DT_CREATE, MENU_UID_CREATE, MENU_DT_LUPD, MENU_UID_LUPD) | M17: =CONCATENATE(" VALUES('",A17,"','",B17,"','",C17,"','",D17,"','",E17,"','",F17,"',",IF(G17="NULL","NULL",CONCATENATE("'",G17,"'")),",",IF(H17="NULL","NULL",CONCATENATE("'",H17,"'")),",",IF(I17="NULL","NULL",CONCATENATE("'",I17,"'")),",",IF(J17="NULL","NULL",CONCATENATE("'",J17,"'")),",'A',NOW(),'SYS',NOW(),'SYS');") -> VALUES('CK_MT_050800','CK','','','UOM Codes','UOM Codes','50800','/master/uom/list',NULL,'CK_MT_050000','A',NOW(),'SYS',NOW(),'SYS'); | N17: =CONCATENATE(L17,M17) -> INSERT INTO T_CORE_MENU_EX (MENU_ID, MENU_APPS_CODE, MENU_GROUP_LABEL, MENU_GROUP_LABEL_OTH, MENU_NAME, MENU_NAME_OTH, MENU_SEQ, MENU_PATH, MENU_ICON, MENU_PARENT, MENU_STATUS, MENU_DT_CREATE, MENU_UID_CREATE, MENU_DT_LUPD, MENU_UID_LUPD) VALUES('CK_MT_050800','CK','','','UOM Codes','UOM Codes','50800','/master/uom/list',NULL,'CK_MT_050000','A',NOW(),'SYS',NOW(),'SYS');
A18: CK_MSA_060000 | B18: CK | C18: System Administrations | D18: System Administrations | E18: System Administrations | F18: System Administrations | G18: 60000 | H18: NULL | I18: settings | J18: NULL | K18: A | L18: =CONCATENATE("INSERT INTO T_CORE_MENU_EX (MENU_ID, MENU_APPS_CODE, MENU_GROUP_LABEL, MENU_GROUP_LABEL_OTH, MENU_NAME, MENU_NAME_OTH, MENU_SEQ, MENU_PATH, MENU_ICON, MENU_PARENT, MENU_STATUS, MENU_DT_CREATE, MENU_UID_CREATE, MENU_DT_LUPD, MENU_UID_LUPD) ") -> INSERT INTO T_CORE_MENU_EX (MENU_ID, MENU_APPS_CODE, MENU_GROUP_LABEL, MENU_GROUP_LABEL_OTH, MENU_NAME, MENU_NAME_OTH, MENU_SEQ, MENU_PATH, MENU_ICON, MENU_PARENT, MENU_STATUS, MENU_DT_CREATE, MENU_UID_CREATE, MENU_DT_LUPD, MENU_UID_LUPD) | M18: =CONCATENATE(" VALUES('",A18,"','",B18,"','",C18,"','",D18,"','",E18,"','",F18,"',",IF(G18="NULL","NULL",CONCATENATE("'",G18,"'")),",",IF(H18="NULL","NULL",CONCATENATE("'",H18,"'")),",",IF(I18="NULL","NULL",CONCATENATE("'",I18,"'")),",",IF(J18="NULL","NULL",CONCATENATE("'",J18,"'")),",'A',NOW(),'SYS',NOW(),'SYS');") -> VALUES('CK_MSA_060000','CK','System Administrations','System Administrations','System Administrations','System Administrations','60000',NULL,'settings',NULL,'A',NOW(),'SYS',NOW(),'SYS'); | N18: =CONCATENATE(L18,M18) -> INSERT INTO T_CORE_MENU_EX (MENU_ID, MENU_APPS_CODE, MENU_GROUP_LABEL, MENU_GROUP_LABEL_OTH, MENU_NAME, MENU_NAME_OTH, MENU_SEQ, MENU_PATH, MENU_ICON, MENU_PARENT, MENU_STATUS, MENU_DT_CREATE, MENU_UID_CREATE, MENU_DT_LUPD, MENU_UID_LUPD) VALUES('CK_MSA_060000','CK','System Administrations','System Administrations','System Administrations','System Administrations','60000',NULL,'settings',NULL,'A',NOW(),'SYS',NOW(),'SYS');
A19: CK_MSA_060100 | B19: CK | E19: Announcement Setup | F19: Announcement Setup | G19: 60100 | H19: /configuration/announcement/list | I19: NULL | J19: CK_MSA_060100 | K19: A | L19: =CONCATENATE("INSERT INTO T_CORE_MENU_EX (MENU_ID, MENU_APPS_CODE, MENU_GROUP_LABEL, MENU_GROUP_LABEL_OTH, MENU_NAME, MENU_NAME_OTH, MENU_SEQ, MENU_PATH, MENU_ICON, MENU_PARENT, MENU_STATUS, MENU_DT_CREATE, MENU_UID_CREATE, MENU_DT_LUPD, MENU_UID_LUPD) ") -> INSERT INTO T_CORE_MENU_EX (MENU_ID, MENU_APPS_CODE, MENU_GROUP_LABEL, MENU_GROUP_LABEL_OTH, MENU_NAME, MENU_NAME_OTH, MENU_SEQ, MENU_PATH, MENU_ICON, MENU_PARENT, MENU_STATUS, MENU_DT_CREATE, MENU_UID_CREATE, MENU_DT_LUPD, MENU_UID_LUPD) | M19: =CONCATENATE(" VALUES('",A19,"','",B19,"','",C19,"','",D19,"','",E19,"','",F19,"',",IF(G19="NULL","NULL",CONCATENATE("'",G19,"'")),",",IF(H19="NULL","NULL",CONCATENATE("'",H19,"'")),",",IF(I19="NULL","NULL",CONCATENATE("'",I19,"'")),",",IF(J19="NULL","NULL",CONCATENATE("'",J19,"'")),",'A',NOW(),'SYS',NOW(),'SYS');") -> VALUES('CK_MSA_060100','CK','','','Announcement Setup','Announcement Setup','60100','/configuration/announcement/list',NULL,'CK_MSA_060100','A',NOW(),'SYS',NOW(),'SYS'); | N19: =CONCATENATE(L19,M19) -> INSERT INTO T_CORE_MENU_EX (MENU_ID, MENU_APPS_CODE, MENU_GROUP_LABEL, MENU_GROUP_LABEL_OTH, MENU_NAME, MENU_NAME_OTH, MENU_SEQ, MENU_PATH, MENU_ICON, MENU_PARENT, MENU_STATUS, MENU_DT_CREATE, MENU_UID_CREATE, MENU_DT_LUPD, MENU_UID_LUPD) VALUES('CK_MSA_060100','CK','','','Announcement Setup','Announcement Setup','60100','/configuration/announcement/list',NULL,'CK_MSA_060100','A',NOW(),'SYS',NOW(),'SYS');
A20: CK_MSA_060200 | B20: CK | E20: Notification Preferences | F20: Notification Preferences | G20: 60200 | H20: /configuration/notification/preferences/list | I20: NULL | J20: CK_MSA_060100 | K20: A | L20: =CONCATENATE("INSERT INTO T_CORE_MENU_EX (MENU_ID, MENU_APPS_CODE, MENU_GROUP_LABEL, MENU_GROUP_LABEL_OTH, MENU_NAME, MENU_NAME_OTH, MENU_SEQ, MENU_PATH, MENU_ICON, MENU_PARENT, MENU_STATUS, MENU_DT_CREATE, MENU_UID_CREATE, MENU_DT_LUPD, MENU_UID_LUPD) ") -> INSERT INTO T_CORE_MENU_EX (MENU_ID, MENU_APPS_CODE, MENU_GROUP_LABEL, MENU_GROUP_LABEL_OTH, MENU_NAME, MENU_NAME_OTH, MENU_SEQ, MENU_PATH, MENU_ICON, MENU_PARENT, MENU_STATUS, MENU_DT_CREATE, MENU_UID_CREATE, MENU_DT_LUPD, MENU_UID_LUPD) | M20: =CONCATENATE(" VALUES('",A20,"','",B20,"','",C20,"','",D20,"','",E20,"','",F20,"',",IF(G20="NULL","NULL",CONCATENATE("'",G20,"'")),",",IF(H20="NULL","NULL",CONCATENATE("'",H20,"'")),",",IF(I20="NULL","NULL",CONCATENATE("'",I20,"'")),",",IF(J20="NULL","NULL",CONCATENATE("'",J20,"'")),",'A',NOW(),'SYS',NOW(),'SYS');") -> VALUES('CK_MSA_060200','CK','','','Notification Preferences','Notification Preferences','60200','/configuration/notification/preferences/list',NULL,'CK_MSA_060100','A',NOW(),'SYS',NOW(),'SYS'); | N20: =CONCATENATE(L20,M20) -> INSERT INTO T_CORE_MENU_EX (MENU_ID, MENU_APPS_CODE, MENU_GROUP_LABEL, MENU_GROUP_LABEL_OTH, MENU_NAME, MENU_NAME_OTH, MENU_SEQ, MENU_PATH, MENU_ICON, MENU_PARENT, MENU_STATUS, MENU_DT_CREATE, MENU_UID_CREATE, MENU_DT_LUPD, MENU_UID_LUPD) VALUES('CK_MSA_060200','CK','','','Notification Preferences','Notification Preferences','60200','/configuration/notification/preferences/list',NULL,'CK_MSA_060100','A',NOW(),'SYS',NOW(),'SYS');
A21: CK_MSA_060300 | B21: CK | E21: System Parameters | F21: System Parameters | G21: 60300 | H21: /administrations/sysparam/list | I21: NULL | J21: CK_MSA_060100 | K21: A | L21: =CONCATENATE("INSERT INTO T_CORE_MENU_EX (MENU_ID, MENU_APPS_CODE, MENU_GROUP_LABEL, MENU_GROUP_LABEL_OTH, MENU_NAME, MENU_NAME_OTH, MENU_SEQ, MENU_PATH, MENU_ICON, MENU_PARENT, MENU_STATUS, MENU_DT_CREATE, MENU_UID_CREATE, MENU_DT_LUPD, MENU_UID_LUPD) ") -> INSERT INTO T_CORE_MENU_EX (MENU_ID, MENU_APPS_CODE, MENU_GROUP_LABEL, MENU_GROUP_LABEL_OTH, MENU_NAME, MENU_NAME_OTH, MENU_SEQ, MENU_PATH, MENU_ICON, MENU_PARENT, MENU_STATUS, MENU_DT_CREATE, MENU_UID_CREATE, MENU_DT_LUPD, MENU_UID_LUPD) | M21: =CONCATENATE(" VALUES('",A21,"','",B21,"','",C21,"','",D21,"','",E21,"','",F21,"',",IF(G21="NULL","NULL",CONCATENATE("'",G21,"'")),",",IF(H21="NULL","NULL",CONCATENATE("'",H21,"'")),",",IF(I21="NULL","NULL",CONCATENATE("'",I21,"'")),",",IF(J21="NULL","NULL",CONCATENATE("'",J21,"'")),",'A',NOW(),'SYS',NOW(),'SYS');") -> VALUES('CK_MSA_060300','CK','','','System Parameters','System Parameters','60300','/administrations/sysparam/list',NULL,'CK_MSA_060100','A',NOW(),'SYS',NOW(),'SYS'); | N21: =CONCATENATE(L21,M21) -> INSERT INTO T_CORE_MENU_EX (MENU_ID, MENU_APPS_CODE, MENU_GROUP_LABEL, MENU_GROUP_LABEL_OTH, MENU_NAME, MENU_NAME_OTH, MENU_SEQ, MENU_PATH, MENU_ICON, MENU_PARENT, MENU_STATUS, MENU_DT_CREATE, MENU_UID_CREATE, MENU_DT_LUPD, MENU_UID_LUPD) VALUES('CK_MSA_060300','CK','','','System Parameters','System Parameters','60300','/administrations/sysparam/list',NULL,'CK_MSA_060100','A',NOW(),'SYS',NOW(),'SYS');
A22: CK_MSA_060400 | B22: CK | E22: Audit Logs | F22: Audit Logs | G22: 60400 | H22: /administrations/audit/list | I22: NULL | J22: CK_MSA_060100 | K22: A | L22: =CONCATENATE("INSERT INTO T_CORE_MENU_EX (MENU_ID, MENU_APPS_CODE, MENU_GROUP_LABEL, MENU_GROUP_LABEL_OTH, MENU_NAME, MENU_NAME_OTH, MENU_SEQ, MENU_PATH, MENU_ICON, MENU_PARENT, MENU_STATUS, MENU_DT_CREATE, MENU_UID_CREATE, MENU_DT_LUPD, MENU_UID_LUPD) ") -> INSERT INTO T_CORE_MENU_EX (MENU_ID, MENU_APPS_CODE, MENU_GROUP_LABEL, MENU_GROUP_LABEL_OTH, MENU_NAME, MENU_NAME_OTH, MENU_SEQ, MENU_PATH, MENU_ICON, MENU_PARENT, MENU_STATUS, MENU_DT_CREATE, MENU_UID_CREATE, MENU_DT_LUPD, MENU_UID_LUPD) | M22: =CONCATENATE(" VALUES('",A22,"','",B22,"','",C22,"','",D22,"','",E22,"','",F22,"',",IF(G22="NULL","NULL",CONCATENATE("'",G22,"'")),",",IF(H22="NULL","NULL",CONCATENATE("'",H22,"'")),",",IF(I22="NULL","NULL",CONCATENATE("'",I22,"'")),",",IF(J22="NULL","NULL",CONCATENATE("'",J22,"'")),",'A',NOW(),'SYS',NOW(),'SYS');") -> VALUES('CK_MSA_060400','CK','','','Audit Logs','Audit Logs','60400','/administrations/audit/list',NULL,'CK_MSA_060100','A',NOW(),'SYS',NOW(),'SYS'); | N22: =CONCATENATE(L22,M22) -> INSERT INTO T_CORE_MENU_EX (MENU_ID, MENU_APPS_CODE, MENU_GROUP_LABEL, MENU_GROUP_LABEL_OTH, MENU_NAME, MENU_NAME_OTH, MENU_SEQ, MENU_PATH, MENU_ICON, MENU_PARENT, MENU_STATUS, MENU_DT_CREATE, MENU_UID_CREATE, MENU_DT_LUPD, MENU_UID_LUPD) VALUES('CK_MSA_060400','CK','','','Audit Logs','Audit Logs','60400','/administrations/audit/list',NULL,'CK_MSA_060100','A',NOW(),'SYS',NOW(),'SYS');
A23: CK_MSA_060500 | B23: CK | E23: Exceptions | F23: Exceptions | G23: 60500 | H23: /administrations/exception/list | I23: NULL | J23: CK_MSA_060100 | K23: A | L23: =CONCATENATE("INSERT INTO T_CORE_MENU_EX (MENU_ID, MENU_APPS_CODE, MENU_GROUP_LABEL, MENU_GROUP_LABEL_OTH, MENU_NAME, MENU_NAME_OTH, MENU_SEQ, MENU_PATH, MENU_ICON, MENU_PARENT, MENU_STATUS, MENU_DT_CREATE, MENU_UID_CREATE, MENU_DT_LUPD, MENU_UID_LUPD) ") -> INSERT INTO T_CORE_MENU_EX (MENU_ID, MENU_APPS_CODE, MENU_GROUP_LABEL, MENU_GROUP_LABEL_OTH, MENU_NAME, MENU_NAME_OTH, MENU_SEQ, MENU_PATH, MENU_ICON, MENU_PARENT, MENU_STATUS, MENU_DT_CREATE, MENU_UID_CREATE, MENU_DT_LUPD, MENU_UID_LUPD) | M23: =CONCATENATE(" VALUES('",A23,"','",B23,"','",C23,"','",D23,"','",E23,"','",F23,"',",IF(G23="NULL","NULL",CONCATENATE("'",G23,"'")),",",IF(H23="NULL","NULL",CONCATENATE("'",H23,"'")),",",IF(I23="NULL","NULL",CONCATENATE("'",I23,"'")),",",IF(J23="NULL","NULL",CONCATENATE("'",J23,"'")),",'A',NOW(),'SYS',NOW(),'SYS');") -> VALUES('CK_MSA_060500','CK','','','Exceptions','Exceptions','60500','/administrations/exception/list',NULL,'CK_MSA_060100','A',NOW(),'SYS',NOW(),'SYS'); | N23: =CONCATENATE(L23,M23) -> INSERT INTO T_CORE_MENU_EX (MENU_ID, MENU_APPS_CODE, MENU_GROUP_LABEL, MENU_GROUP_LABEL_OTH, MENU_NAME, MENU_NAME_OTH, MENU_SEQ, MENU_PATH, MENU_ICON, MENU_PARENT, MENU_STATUS, MENU_DT_CREATE, MENU_UID_CREATE, MENU_DT_LUPD, MENU_UID_LUPD) VALUES('CK_MSA_060500','CK','','','Exceptions','Exceptions','60500','/administrations/exception/list',NULL,'CK_MSA_060100','A',NOW(),'SYS',NOW(),'SYS');
A24: CK_MSA_060600 | B24: CK | E24: Manage All Users | F24: Manage All Users | G24: 60600 | H24: /manageUsers/users/all/list | I24: NULL | J24: CK_MSA_060100 | K24: A | L24: =CONCATENATE("INSERT INTO T_CORE_MENU_EX (MENU_ID, MENU_APPS_CODE, MENU_GROUP_LABEL, MENU_GROUP_LABEL_OTH, MENU_NAME, MENU_NAME_OTH, MENU_SEQ, MENU_PATH, MENU_ICON, MENU_PARENT, MENU_STATUS, MENU_DT_CREATE, MENU_UID_CREATE, MENU_DT_LUPD, MENU_UID_LUPD) ") -> INSERT INTO T_CORE_MENU_EX (MENU_ID, MENU_APPS_CODE, MENU_GROUP_LABEL, MENU_GROUP_LABEL_OTH, MENU_NAME, MENU_NAME_OTH, MENU_SEQ, MENU_PATH, MENU_ICON, MENU_PARENT, MENU_STATUS, MENU_DT_CREATE, MENU_UID_CREATE, MENU_DT_LUPD, MENU_UID_LUPD) | M24: =CONCATENATE(" VALUES('",A24,"','",B24,"','",C24,"','",D24,"','",E24,"','",F24,"',",IF(G24="NULL","NULL",CONCATENATE("'",G24,"'")),",",IF(H24="NULL","NULL",CONCATENATE("'",H24,"'")),",",IF(I24="NULL","NULL",CONCATENATE("'",I24,"'")),",",IF(J24="NULL","NULL",CONCATENATE("'",J24,"'")),",'A',NOW(),'SYS',NOW(),'SYS');") -> VALUES('CK_MSA_060600','CK','','','Manage All Users','Manage All Users','60600','/manageUsers/users/all/list',NULL,'CK_MSA_060100','A',NOW(),'SYS',NOW(),'SYS'); | N24: =CONCATENATE(L24,M24) -> INSERT INTO T_CORE_MENU_EX (MENU_ID, MENU_APPS_CODE, MENU_GROUP_LABEL, MENU_GROUP_LABEL_OTH, MENU_NAME, MENU_NAME_OTH, MENU_SEQ, MENU_PATH, MENU_ICON, MENU_PARENT, MENU_STATUS, MENU_DT_CREATE, MENU_UID_CREATE, MENU_DT_LUPD, MENU_UID_LUPD) VALUES('CK_MSA_060600','CK','','','Manage All Users','Manage All Users','60600','/manageUsers/users/all/list',NULL,'CK_MSA_060100','A',NOW(),'SYS',NOW(),'SYS');
A25: CK_MSA_060700 | B25: CK | E25: Manage All Accounts | F25: Manage All Accounts | G25: 60700 | H25: /manageAccounts/all/list | I25: NULL | J25: CK_MSA_060100 | K25: A | L25: =CONCATENATE("INSERT INTO T_CORE_MENU_EX (MENU_ID, MENU_APPS_CODE, MENU_GROUP_LABEL, MENU_GROUP_LABEL_OTH, MENU_NAME, MENU_NAME_OTH, MENU_SEQ, MENU_PATH, MENU_ICON, MENU_PARENT, MENU_STATUS, MENU_DT_CREATE, MENU_UID_CREATE, MENU_DT_LUPD, MENU_UID_LUPD) ") -> INSERT INTO T_CORE_MENU_EX (MENU_ID, MENU_APPS_CODE, MENU_GROUP_LABEL, MENU_GROUP_LABEL_OTH, MENU_NAME, MENU_NAME_OTH, MENU_SEQ, MENU_PATH, MENU_ICON, MENU_PARENT, MENU_STATUS, MENU_DT_CREATE, MENU_UID_CREATE, MENU_DT_LUPD, MENU_UID_LUPD) | M25: =CONCATENATE(" VALUES('",A25,"','",B25,"','",C25,"','",D25,"','",E25,"','",F25,"',",IF(G25="NULL","NULL",CONCATENATE("'",G25,"'")),",",IF(H25="NULL","NULL",CONCATENATE("'",H25,"'")),",",IF(I25="NULL","NULL",CONCATENATE("'",I25,"'")),",",IF(J25="NULL","NULL",CONCATENATE("'",J25,"'")),",'A',NOW(),'SYS',NOW(),'SYS');") -> VALUES('CK_MSA_060700','CK','','','Manage All Accounts','Manage All Accounts','60700','/manageAccounts/all/list',NULL,'CK_MSA_060100','A',NOW(),'SYS',NOW(),'SYS'); | N25: =CONCATENATE(L25,M25) -> INSERT INTO T_CORE_MENU_EX (MENU_ID, MENU_APPS_CODE, MENU_GROUP_LABEL, MENU_GROUP_LABEL_OTH, MENU_NAME, MENU_NAME_OTH, MENU_SEQ, MENU_PATH, MENU_ICON, MENU_PARENT, MENU_STATUS, MENU_DT_CREATE, MENU_UID_CREATE, MENU_DT_LUPD, MENU_UID_LUPD) VALUES('CK_MSA_060700','CK','','','Manage All Accounts','Manage All Accounts','60700','/manageAccounts/all/list',NULL,'CK_MSA_060100','A',NOW(),'SYS',NOW(),'SYS');
A27: CKT_MS_010000 | B27: CKT | C27: Services | D27: Services | E27: Services | F27: Services | G27: 10000 | H27: / | I27: NULL | J27: NULL | K27: A | L27: =CONCATENATE("INSERT INTO T_CORE_MENU_EX (MENU_ID, MENU_APPS_CODE, MENU_GROUP_LABEL, MENU_GROUP_LABEL_OTH, MENU_NAME, MENU_NAME_OTH, MENU_SEQ, MENU_PATH, MENU_ICON, MENU_PARENT, MENU_STATUS, MENU_DT_CREATE, MENU_UID_CREATE, MENU_DT_LUPD, MENU_UID_LUPD) ") -> INSERT INTO T_CORE_MENU_EX (MENU_ID, MENU_APPS_CODE, MENU_GROUP_LABEL, MENU_GROUP_LABEL_OTH, MENU_NAME, MENU_NAME_OTH, MENU_SEQ, MENU_PATH, MENU_ICON, MENU_PARENT, MENU_STATUS, MENU_DT_CREATE, MENU_UID_CREATE, MENU_DT_LUPD, MENU_UID_LUPD) | M27: =CONCATENATE(" VALUES('",A27,"','",B27,"','",C27,"','",D27,"','",E27,"','",F27,"',",IF(G27="NULL","NULL",CONCATENATE("'",G27,"'")),",",IF(H27="NULL","NULL",CONCATENATE("'",H27,"'")),",",IF(I27="NULL","NULL",CONCATENATE("'",I27,"'")),",",IF(J27="NULL","NULL",CONCATENATE("'",J27,"'")),",'A',NOW(),'SYS',NOW(),'SYS');") -> VALUES('CKT_MS_010000','CKT','Services','Services','Services','Services','10000','/',NULL,NULL,'A',NOW(),'SYS',NOW(),'SYS'); | N27: =CONCATENATE(L27,M27) -> INSERT INTO T_CORE_MENU_EX (MENU_ID, MENU_APPS_CODE, MENU_GROUP_LABEL, MENU_GROUP_LABEL_OTH, MENU_NAME, MENU_NAME_OTH, MENU_SEQ, MENU_PATH, MENU_ICON, MENU_PARENT, MENU_STATUS, MENU_DT_CREATE, MENU_UID_CREATE, MENU_DT_LUPD, MENU_UID_LUPD) VALUES('CKT_MS_010000','CKT','Services','Services','Services','Services','10000','/',NULL,NULL,'A',NOW(),'SYS',NOW(),'SYS');
A28: CKT_MA_030000 | B28: CKT | C28: Administrations | D28: Administrations | E28: Administrations | F28: Administrations | G28: 30000 | H28: NULL | I28: group | J28: NULL | K28: A | L28: =CONCATENATE("INSERT INTO T_CORE_MENU_EX (MENU_ID, MENU_APPS_CODE, MENU_GROUP_LABEL, MENU_GROUP_LABEL_OTH, MENU_NAME, MENU_NAME_OTH, MENU_SEQ, MENU_PATH, MENU_ICON, MENU_PARENT, MENU_STATUS, MENU_DT_CREATE, MENU_UID_CREATE, MENU_DT_LUPD, MENU_UID_LUPD) ") -> INSERT INTO T_CORE_MENU_EX (MENU_ID, MENU_APPS_CODE, MENU_GROUP_LABEL, MENU_GROUP_LABEL_OTH, MENU_NAME, MENU_NAME_OTH, MENU_SEQ, MENU_PATH, MENU_ICON, MENU_PARENT, MENU_STATUS, MENU_DT_CREATE, MENU_UID_CREATE, MENU_DT_LUPD, MENU_UID_LUPD) | M28: =CONCATENATE(" VALUES('",A28,"','",B28,"','",C28,"','",D28,"','",E28,"','",F28,"',",IF(G28="NULL","NULL",CONCATENATE("'",G28,"'")),",",IF(H28="NULL","NULL",CONCATENATE("'",H28,"'")),",",IF(I28="NULL","NULL",CONCATENATE("'",I28,"'")),",",IF(J28="NULL","NULL",CONCATENATE("'",J28,"'")),",'A',NOW(),'SYS',NOW(),'SYS');") -> VALUES('CKT_MA_030000','CKT','Administrations','Administrations','Administrations','Administrations','30000',NULL,'group',NULL,'A',NOW(),'SYS',NOW(),'SYS'); | N28: =CONCATENATE(L28,M28) -> INSERT INTO T_CORE_MENU_EX (MENU_ID, MENU_APPS_CODE, MENU_GROUP_LABEL, MENU_GROUP_LABEL_OTH, MENU_NAME, MENU_NAME_OTH, MENU_SEQ, MENU_PATH, MENU_ICON, MENU_PARENT, MENU_STATUS, MENU_DT_CREATE, MENU_UID_CREATE, MENU_DT_LUPD, MENU_UID_LUPD) VALUES('CKT_MA_030000','CKT','Administrations','Administrations','Administrations','Administrations','30000',NULL,'group',NULL,'A',NOW(),'SYS',NOW(),'SYS');
A29: CKT_MA_030100 | B29: CKT | E29: Manage Trucks | F29: Manage Trucks | G29: 30100 | H29: /administrations/truck-management/list | I29: NULL | J29: CKT_MA_030000 | K29: A | L29: =CONCATENATE("INSERT INTO T_CORE_MENU_EX (MENU_ID, MENU_APPS_CODE, MENU_GROUP_LABEL, MENU_GROUP_LABEL_OTH, MENU_NAME, MENU_NAME_OTH, MENU_SEQ, MENU_PATH, MENU_ICON, MENU_PARENT, MENU_STATUS, MENU_DT_CREATE, MENU_UID_CREATE, MENU_DT_LUPD, MENU_UID_LUPD) ") -> INSERT INTO T_CORE_MENU_EX (MENU_ID, MENU_APPS_CODE, MENU_GROUP_LABEL, MENU_GROUP_LABEL_OTH, MENU_NAME, MENU_NAME_OTH, MENU_SEQ, MENU_PATH, MENU_ICON, MENU_PARENT, MENU_STATUS, MENU_DT_CREATE, MENU_UID_CREATE, MENU_DT_LUPD, MENU_UID_LUPD) | M29: =CONCATENATE(" VALUES('",A29,"','",B29,"','",C29,"','",D29,"','",E29,"','",F29,"',",IF(G29="NULL","NULL",CONCATENATE("'",G29,"'")),",",IF(H29="NULL","NULL",CONCATENATE("'",H29,"'")),",",IF(I29="NULL","NULL",CONCATENATE("'",I29,"'")),",",IF(J29="NULL","NULL",CONCATENATE("'",J29,"'")),",'A',NOW(),'SYS',NOW(),'SYS');") -> VALUES('CKT_MA_030100','CKT','','','Manage Trucks','Manage Trucks','30100','/administrations/truck-management/list',NULL,'CKT_MA_030000','A',NOW(),'SYS',NOW(),'SYS'); | N29: =CONCATENATE(L29,M29) -> INSERT INTO T_CORE_MENU_EX (MENU_ID, MENU_APPS_CODE, MENU_GROUP_LABEL, MENU_GROUP_LABEL_OTH, MENU_NAME, MENU_NAME_OTH, MENU_SEQ, MENU_PATH, MENU_ICON, MENU_PARENT, MENU_STATUS, MENU_DT_CREATE, MENU_UID_CREATE, MENU_DT_LUPD, MENU_UID_LUPD) VALUES('CKT_MA_030100','CKT','','','Manage Trucks','Manage Trucks','30100','/administrations/truck-management/list',NULL,'CKT_MA_030000','A',NOW(),'SYS',NOW(),'SYS');
A30: CKT_MA_030200 | B30: CKT | E30: Manage Drivers | F30: Manage Drivers | G30: 30200 | H30: /administrations/driver-management/list | I30: NULL | J30: CKT_MA_030000 | K30: A | L30: =CONCATENATE("INSERT INTO T_CORE_MENU_EX (MENU_ID, MENU_APPS_CODE, MENU_GROUP_LABEL, MENU_GROUP_LABEL_OTH, MENU_NAME, MENU_NAME_OTH, MENU_SEQ, MENU_PATH, MENU_ICON, MENU_PARENT, MENU_STATUS, MENU_DT_CREATE, MENU_UID_CREATE, MENU_DT_LUPD, MENU_UID_LUPD) ") -> INSERT INTO T_CORE_MENU_EX (MENU_ID, MENU_APPS_CODE, MENU_GROUP_LABEL, MENU_GROUP_LABEL_OTH, MENU_NAME, MENU_NAME_OTH, MENU_SEQ, MENU_PATH, MENU_ICON, MENU_PARENT, MENU_STATUS, MENU_DT_CREATE, MENU_UID_CREATE, MENU_DT_LUPD, MENU_UID_LUPD) | M30: =CONCATENATE(" VALUES('",A30,"','",B30,"','",C30,"','",D30,"','",E30,"','",F30,"',",IF(G30="NULL","NULL",CONCATENATE("'",G30,"'")),",",IF(H30="NULL","NULL",CONCATENATE("'",H30,"'")),",",IF(I30="NULL","NULL",CONCATENATE("'",I30,"'")),",",IF(J30="NULL","NULL",CONCATENATE("'",J30,"'")),",'A',NOW(),'SYS',NOW(),'SYS');") -> VALUES('CKT_MA_030200','CKT','','','Manage Drivers','Manage Drivers','30200','/administrations/driver-management/list',NULL,'CKT_MA_030000','A',NOW(),'SYS',NOW(),'SYS'); | N30: =CONCATENATE(L30,M30) -> INSERT INTO T_CORE_MENU_EX (MENU_ID, MENU_APPS_CODE, MENU_GROUP_LABEL, MENU_GROUP_LABEL_OTH, MENU_NAME, MENU_NAME_OTH, MENU_SEQ, MENU_PATH, MENU_ICON, MENU_PARENT, MENU_STATUS, MENU_DT_CREATE, MENU_UID_CREATE, MENU_DT_LUPD, MENU_UID_LUPD) VALUES('CKT_MA_030200','CKT','','','Manage Drivers','Manage Drivers','30200','/administrations/driver-management/list',NULL,'CKT_MA_030000','A',NOW(),'SYS',NOW(),'SYS');
A31: CKT_MA_030300 | B31: CKT | E31: Manage Locations | F31: Manage Locations | G31: 30300 | H31: /administrations/location-management/list | I31: NULL | J31: CKT_MA_030000 | K31: A | L31: =CONCATENATE("INSERT INTO T_CORE_MENU_EX (MENU_ID, MENU_APPS_CODE, MENU_GROUP_LABEL, MENU_GROUP_LABEL_OTH, MENU_NAME, MENU_NAME_OTH, MENU_SEQ, MENU_PATH, MENU_ICON, MENU_PARENT, MENU_STATUS, MENU_DT_CREATE, MENU_UID_CREATE, MENU_DT_LUPD, MENU_UID_LUPD) ") -> INSERT INTO T_CORE_MENU_EX (MENU_ID, MENU_APPS_CODE, MENU_GROUP_LABEL, MENU_GROUP_LABEL_OTH, MENU_NAME, MENU_NAME_OTH, MENU_SEQ, MENU_PATH, MENU_ICON, MENU_PARENT, MENU_STATUS, MENU_DT_CREATE, MENU_UID_CREATE, MENU_DT_LUPD, MENU_UID_LUPD) | M31: =CONCATENATE(" VALUES('",A31,"','",B31,"','",C31,"','",D31,"','",E31,"','",F31,"',",IF(G31="NULL","NULL",CONCATENATE("'",G31,"'")),",",IF(H31="NULL","NULL",CONCATENATE("'",H31,"'")),",",IF(I31="NULL","NULL",CONCATENATE("'",I31,"'")),",",IF(J31="NULL","NULL",CONCATENATE("'",J31,"'")),",'A',NOW(),'SYS',NOW(),'SYS');") -> VALUES('CKT_MA_030300','CKT','','','Manage Locations','Manage Locations','30300','/administrations/location-management/list',NULL,'CKT_MA_030000','A',NOW(),'SYS',NOW(),'SYS'); | N31: =CONCATENATE(L31,M31) -> INSERT INTO T_CORE_MENU_EX (MENU_ID, MENU_APPS_CODE, MENU_GROUP_LABEL, MENU_GROUP_LABEL_OTH, MENU_NAME, MENU_NAME_OTH, MENU_SEQ, MENU_PATH, MENU_ICON, MENU_PARENT, MENU_STATUS, MENU_DT_CREATE, MENU_UID_CREATE, MENU_DT_LUPD, MENU_UID_LUPD) VALUES('CKT_MA_030300','CKT','','','Manage Locations','Manage Locations','30300','/administrations/location-management/list',NULL,'CKT_MA_030000','A',NOW(),'SYS',NOW(),'SYS');
A32: CKT_MA_030400 | B32: CKT | E32: Manage Rentals | F32: Manage Rentals | G32: 30400 | H32: /administrations/rental-management/list | I32: NULL | J32: CKT_MA_030000 | K32: A | L32: =CONCATENATE("INSERT INTO T_CORE_MENU_EX (MENU_ID, MENU_APPS_CODE, MENU_GROUP_LABEL, MENU_GROUP_LABEL_OTH, MENU_NAME, MENU_NAME_OTH, MENU_SEQ, MENU_PATH, MENU_ICON, MENU_PARENT, MENU_STATUS, MENU_DT_CREATE, MENU_UID_CREATE, MENU_DT_LUPD, MENU_UID_LUPD) ") -> INSERT INTO T_CORE_MENU_EX (MENU_ID, MENU_APPS_CODE, MENU_GROUP_LABEL, MENU_GROUP_LABEL_OTH, MENU_NAME, MENU_NAME_OTH, MENU_SEQ, MENU_PATH, MENU_ICON, MENU_PARENT, MENU_STATUS, MENU_DT_CREATE, MENU_UID_CREATE, MENU_DT_LUPD, MENU_UID_LUPD) | M32: =CONCATENATE(" VALUES('",A32,"','",B32,"','",C32,"','",D32,"','",E32,"','",F32,"',",IF(G32="NULL","NULL",CONCATENATE("'",G32,"'")),",",IF(H32="NULL","NULL",CONCATENATE("'",H32,"'")),",",IF(I32="NULL","NULL",CONCATENATE("'",I32,"'")),",",IF(J32="NULL","NULL",CONCATENATE("'",J32,"'")),",'A',NOW(),'SYS',NOW(),'SYS');") -> VALUES('CKT_MA_030400','CKT','','','Manage Rentals','Manage Rentals','30400','/administrations/rental-management/list',NULL,'CKT_MA_030000','A',NOW(),'SYS',NOW(),'SYS'); | N32: =CONCATENATE(L32,M32) -> INSERT INTO T_CORE_MENU_EX (MENU_ID, MENU_APPS_CODE, MENU_GROUP_LABEL, MENU_GROUP_LABEL_OTH, MENU_NAME, MENU_NAME_OTH, MENU_SEQ, MENU_PATH, MENU_ICON, MENU_PARENT, MENU_STATUS, MENU_DT_CREATE, MENU_UID_CREATE, MENU_DT_LUPD, MENU_UID_LUPD) VALUES('CKT_MA_030400','CKT','','','Manage Rentals','Manage Rentals','30400','/administrations/rental-management/list',NULL,'CKT_MA_030000','A',NOW(),'SYS',NOW(),'SYS');
A33: CKT_MA_030500 | B33: CKT | E33: Manage Rate Table | F33: Manage Rate Table | G33: 30500 | H33: /administrations/contract-management/list | I33: NULL | J33: CKT_MA_030000 | K33: A | L33: =CONCATENATE("INSERT INTO T_CORE_MENU_EX (MENU_ID, MENU_APPS_CODE, MENU_GROUP_LABEL, MENU_GROUP_LABEL_OTH, MENU_NAME, MENU_NAME_OTH, MENU_SEQ, MENU_PATH, MENU_ICON, MENU_PARENT, MENU_STATUS, MENU_DT_CREATE, MENU_UID_CREATE, MENU_DT_LUPD, MENU_UID_LUPD) ") -> INSERT INTO T_CORE_MENU_EX (MENU_ID, MENU_APPS_CODE, MENU_GROUP_LABEL, MENU_GROUP_LABEL_OTH, MENU_NAME, MENU_NAME_OTH, MENU_SEQ, MENU_PATH, MENU_ICON, MENU_PARENT, MENU_STATUS, MENU_DT_CREATE, MENU_UID_CREATE, MENU_DT_LUPD, MENU_UID_LUPD) | M33: =CONCATENATE(" VALUES('",A33,"','",B33,"','",C33,"','",D33,"','",E33,"','",F33,"',",IF(G33="NULL","NULL",CONCATENATE("'",G33,"'")),",",IF(H33="NULL","NULL",CONCATENATE("'",H33,"'")),",",IF(I33="NULL","NULL",CONCATENATE("'",I33,"'")),",",IF(J33="NULL","NULL",CONCATENATE("'",J33,"'")),",'A',NOW(),'SYS',NOW(),'SYS');") -> VALUES('CKT_MA_030500','CKT','','','Manage Rate Table','Manage Rate Table','30500','/administrations/contract-management/list',NULL,'CKT_MA_030000','A',NOW(),'SYS',NOW(),'SYS'); | N33: =CONCATENATE(L33,M33) -> INSERT INTO T_CORE_MENU_EX (MENU_ID, MENU_APPS_CODE, MENU_GROUP_LABEL, MENU_GROUP_LABEL_OTH, MENU_NAME, MENU_NAME_OTH, MENU_SEQ, MENU_PATH, MENU_ICON, MENU_PARENT, MENU_STATUS, MENU_DT_CREATE, MENU_UID_CREATE, MENU_DT_LUPD, MENU_UID_LUPD) VALUES('CKT_MA_030500','CKT','','','Manage Rate Table','Manage Rate Table','30500','/administrations/contract-management/list',NULL,'CKT_MA_030000','A',NOW(),'SYS',NOW(),'SYS');
A34: CKT_MA_040000 | B34: CKT | E34: Manage Contracts | F34: Manage Contracts | G34: 40000 | H34: /administrations/contract-management/list | I34: NULL | J34: NULL | K34: A | L34: =CONCATENATE("INSERT INTO T_CORE_MENU_EX (MENU_ID, MENU_APPS_CODE, MENU_GROUP_LABEL, MENU_GROUP_LABEL_OTH, MENU_NAME, MENU_NAME_OTH, MENU_SEQ, MENU_PATH, MENU_ICON, MENU_PARENT, MENU_STATUS, MENU_DT_CREATE, MENU_UID_CREATE, MENU_DT_LUPD, MENU_UID_LUPD) ") -> INSERT INTO T_CORE_MENU_EX (MENU_ID, MENU_APPS_CODE, MENU_GROUP_LABEL, MENU_GROUP_LABEL_OTH, MENU_NAME, MENU_NAME_OTH, MENU_SEQ, MENU_PATH, MENU_ICON, MENU_PARENT, MENU_STATUS, MENU_DT_CREATE, MENU_UID_CREATE, MENU_DT_LUPD, MENU_UID_LUPD) | M34: =CONCATENATE(" VALUES('",A34,"','",B34,"','",C34,"','",D34,"','",E34,"','",F34,"',",IF(G34="NULL","NULL",CONCATENATE("'",G34,"'")),",",IF(H34="NULL","NULL",CONCATENATE("'",H34,"'")),",",IF(I34="NULL","NULL",CONCATENATE("'",I34,"'")),",",IF(J34="NULL","NULL",CONCATENATE("'",J34,"'")),",'A',NOW(),'SYS',NOW(),'SYS');") -> VALUES('CKT_MA_040000','CKT','','','Manage Contracts','Manage Contracts','40000','/administrations/contract-management/list',NULL,NULL,'A',NOW(),'SYS',NOW(),'SYS'); | N34: =CONCATENATE(L34,M34) -> INSERT INTO T_CORE_MENU_EX (MENU_ID, MENU_APPS_CODE, MENU_GROUP_LABEL, MENU_GROUP_LABEL_OTH, MENU_NAME, MENU_NAME_OTH, MENU_SEQ, MENU_PATH, MENU_ICON, MENU_PARENT, MENU_STATUS, MENU_DT_CREATE, MENU_UID_CREATE, MENU_DT_LUPD, MENU_UID_LUPD) VALUES('CKT_MA_040000','CKT','','','Manage Contracts','Manage Contracts','40000','/administrations/contract-management/list',NULL,NULL,'A',NOW(),'SYS',NOW(),'SYS');
A35: CKT_MH_080000 | B35: CKT | C35: Help | D35: Help | E35: Help | F35: Help | G35: 80000 | H35: /help | I35: NULL | J35: NULL | K35: A | L35: =CONCATENATE("INSERT INTO T_CORE_MENU_EX (MENU_ID, MENU_APPS_CODE, MENU_GROUP_LABEL, MENU_GROUP_LABEL_OTH, MENU_NAME, MENU_NAME_OTH, MENU_SEQ, MENU_PATH, MENU_ICON, MENU_PARENT, MENU_STATUS, MENU_DT_CREATE, MENU_UID_CREATE, MENU_DT_LUPD, MENU_UID_LUPD) ") -> INSERT INTO T_CORE_MENU_EX (MENU_ID, MENU_APPS_CODE, MENU_GROUP_LABEL, MENU_GROUP_LABEL_OTH, MENU_NAME, MENU_NAME_OTH, MENU_SEQ, MENU_PATH, MENU_ICON, MENU_PARENT, MENU_STATUS, MENU_DT_CREATE, MENU_UID_CREATE, MENU_DT_LUPD, MENU_UID_LUPD) | M35: =CONCATENATE(" VALUES('",A35,"','",B35,"','",C35,"','",D35,"','",E35,"','",F35,"',",IF(G35="NULL","NULL",CONCATENATE("'",G35,"'")),",",IF(H35="NULL","NULL",CONCATENATE("'",H35,"'")),",",IF(I35="NULL","NULL",CONCATENATE("'",I35,"'")),",",IF(J35="NULL","NULL",CONCATENATE("'",J35,"'")),",'A',NOW(),'SYS',NOW(),'SYS');") -> VALUES('CKT_MH_080000','CKT','Help','Help','Help','Help','80000','/help',NULL,NULL,'A',NOW(),'SYS',NOW(),'SYS'); | N35: =CONCATENATE(L35,M35) -> INSERT INTO T_CORE_MENU_EX (MENU_ID, MENU_APPS_CODE, MENU_GROUP_LABEL, MENU_GROUP_LABEL_OTH, MENU_NAME, MENU_NAME_OTH, MENU_SEQ, MENU_PATH, MENU_ICON, MENU_PARENT, MENU_STATUS, MENU_DT_CREATE, MENU_UID_CREATE, MENU_DT_LUPD, MENU_UID_LUPD) VALUES('CKT_MH_080000','CKT','Help','Help','Help','Help','80000','/help',NULL,NULL,'A',NOW(),'SYS',NOW(),'SYS');

Sheet T_CORE_RPT_TABLE
A1: RPT TABLE ID | B1: ACCN TYPE | C1: TBL IDX | D1: REPORT NAME | E1: WIDTH PERCENTAGE | F1: SHOW | G1: COLS | H1: QUERY - TO ADD MANUALLY IN WORKBENCH
A2: RPT_ALL_JOBS_TO | B2: ACC_TYPE_TO | C2: 0 | D2: All Trucking Jobs | E2: 100 | F2: Y | G2: 0 | H2: Refer to AllJobs_TO.sql | I2: =CONCATENATE(" INSERT INTO `T_CORE_RPT_TABLE`(`RPTT_RPTID`,`RPTT_ACCN_TYPE`,`RPTT_TBL_IDX`,`RPTT_NAME`,`RPTT_WIDTH_PERC`,`RPTT_SHOW`,`RPTT_COLS`) ") -> INSERT INTO `T_CORE_RPT_TABLE`(`RPTT_RPTID`,`RPTT_ACCN_TYPE`,`RPTT_TBL_IDX`,`RPTT_NAME`,`RPTT_WIDTH_PERC`,`RPTT_SHOW`,`RPTT_COLS`) | J2: =CONCATENATE(" VALUES('",A2,"','",B2,"','",C2,"','",D2,"','",E2,"','",F2,"','",G2,"');") -> VALUES('RPT_ALL_JOBS_TO','ACC_TYPE_TO','0','All Trucking Jobs','100','Y','0'); | K2: =CONCATENATE(I2,J2) -> INSERT INTO `T_CORE_RPT_TABLE`(`RPTT_RPTID`,`RPTT_ACCN_TYPE`,`RPTT_TBL_IDX`,`RPTT_NAME`,`RPTT_WIDTH_PERC`,`RPTT_SHOW`,`RPTT_COLS`) VALUES('RPT_ALL_JOBS_TO','ACC_TYPE_TO','0','All Trucking Jobs','100','Y','0');
A3: RPT_ALL_JOBS_CO | B3: ACC_TYPE_CO | C3: 0 | D3: All Trucking Jobs | E3: 100 | F3: Y | G3: 0 | H3: Refer to AllJobs_CO.sql | I3: =CONCATENATE(" INSERT INTO `T_CORE_RPT_TABLE`(`RPTT_RPTID`,`RPTT_ACCN_TYPE`,`RPTT_TBL_IDX`,`RPTT_NAME`,`RPTT_WIDTH_PERC`,`RPTT_SHOW`,`RPTT_COLS`) ") -> INSERT INTO `T_CORE_RPT_TABLE`(`RPTT_RPTID`,`RPTT_ACCN_TYPE`,`RPTT_TBL_IDX`,`RPTT_NAME`,`RPTT_WIDTH_PERC`,`RPTT_SHOW`,`RPTT_COLS`) | J3: =CONCATENATE(" VALUES('",A3,"','",B3,"','",C3,"','",D3,"','",E3,"','",F3,"','",G3,"');") -> VALUES('RPT_ALL_JOBS_CO','ACC_TYPE_CO','0','All Trucking Jobs','100','Y','0'); | K3: =CONCATENATE(I3,J3) -> INSERT INTO `T_CORE_RPT_TABLE`(`RPTT_RPTID`,`RPTT_ACCN_TYPE`,`RPTT_TBL_IDX`,`RPTT_NAME`,`RPTT_WIDTH_PERC`,`RPTT_SHOW`,`RPTT_COLS`) VALUES('RPT_ALL_JOBS_CO','ACC_TYPE_CO','0','All Trucking Jobs','100','Y','0');
A4: RPT_JOBS_DISCREPANCY_TO | B4: ACC_TYPE_TO | C4: 0 | D4: Jobs with Discripancies/Deviations | E4: 100 | F4: Y | G4: 0 | H4: JobsWithDescripancies_TO.sql | I4: =CONCATENATE(" INSERT INTO `T_CORE_RPT_TABLE`(`RPTT_RPTID`,`RPTT_ACCN_TYPE`,`RPTT_TBL_IDX`,`RPTT_NAME`,`RPTT_WIDTH_PERC`,`RPTT_SHOW`,`RPTT_COLS`) ") -> INSERT INTO `T_CORE_RPT_TABLE`(`RPTT_RPTID`,`RPTT_ACCN_TYPE`,`RPTT_TBL_IDX`,`RPTT_NAME`,`RPTT_WIDTH_PERC`,`RPTT_SHOW`,`RPTT_COLS`) | J4: =CONCATENATE(" VALUES('",A4,"','",B4,"','",C4,"','",D4,"','",E4,"','",F4,"','",G4,"');") -> VALUES('RPT_JOBS_DISCREPANCY_TO','ACC_TYPE_TO','0','Jobs with Discripancies/Deviations','100','Y','0'); | K4: =CONCATENATE(I4,J4) -> INSERT INTO `T_CORE_RPT_TABLE`(`RPTT_RPTID`,`RPTT_ACCN_TYPE`,`RPTT_TBL_IDX`,`RPTT_NAME`,`RPTT_WIDTH_PERC`,`RPTT_SHOW`,`RPTT_COLS`) VALUES('RPT_JOBS_DISCREPANCY_TO','ACC_TYPE_TO','0','Jobs with Discripancies/Deviations','100','Y','0');
A5: RPT_JOBS_DISCREPANCY_CO | B5: ACC_TYPE_CO | C5: 0 | D5: Jobs with Discripancies/Deviations | E5: 100 | F5: Y | G5: 0 | H5: JobsWithDescripancies_TO.sql | I5: =CONCATENATE(" INSERT INTO `T_CORE_RPT_TABLE`(`RPTT_RPTID`,`RPTT_ACCN_TYPE`,`RPTT_TBL_IDX`,`RPTT_NAME`,`RPTT_WIDTH_PERC`,`RPTT_SHOW`,`RPTT_COLS`) ") -> INSERT INTO `T_CORE_RPT_TABLE`(`RPTT_RPTID`,`RPTT_ACCN_TYPE`,`RPTT_TBL_IDX`,`RPTT_NAME`,`RPTT_WIDTH_PERC`,`RPTT_SHOW`,`RPTT_COLS`) | J5: =CONCATENATE(" VALUES('",A5,"','",B5,"','",C5,"','",D5,"','",E5,"','",F5,"','",G5,"');") -> VALUES('RPT_JOBS_DISCREPANCY_CO','ACC_TYPE_CO','0','Jobs with Discripancies/Deviations','100','Y','0'); | K5: =CONCATENATE(I5,J5) -> INSERT INTO `T_CORE_RPT_TABLE`(`RPTT_RPTID`,`RPTT_ACCN_TYPE`,`RPTT_TBL_IDX`,`RPTT_NAME`,`RPTT_WIDTH_PERC`,`RPTT_SHOW`,`RPTT_COLS`) VALUES('RPT_JOBS_DISCREPANCY_CO','ACC_TYPE_CO','0','Jobs with Discripancies/Deviations','100','Y','0');

Sheet PermEx
A1: PERM_ID | B1: PERM_GROUP | C1: PERM_APPS | D1: PERM_MODULE | E1: PERM_TYPE | F1: PERM_SERVICE | G1: PERM_SERVICE_URI | H1: PERM_MENU | I1: PERM_MENU_NAME | J1: PERM_DOC_TYPE | K1: PERM_DOC_CODE | L1: PERM_ACTION | M1: PERM_DESC | N1: PERM_DESC_OTH | O1: PERM_ACCESS
A2: PM000 | B2: Y | C2: CK | D2: NULL | E2: M | F2: NULL | G2: NULL | H2: CK_MS_010000 | I2: Services | J2: NULL | K2: NULL | L2: NULL | M2: Services | N2: Services | O2: R | P2: INSERT INTO `T_CORE_PERM_EX` (`PERM_ID`, `PERM_GROUP`, `PERM_APPS`, `PERM_MODULE`, `PERM_TYPE`, `PERM_SERVICE`, `PERM_SERVICE_URI`, `PERM_MENU`,`PERM_MENU_NAME`,`PERM_DESC`, `PERM_DESC_OTH`, `PERM_ACCESS`, `PERM_DT_ACTIVE`, `PERM_DT_DEACTIVE`, `PERM_STATUS`, `PERM_DT_CREATE`, `PERM_UID_CREATE`,`PERM_DT_LUPD`, `PERM_UID_LUPD`) | Q2: {=CONCATENATE(" VALUES ('",A2,"', '",B2,"', '",C2,"', ",IF(D2="NULL","NULL",CONCATENATE("'",D2,"'")),", '",E2,"', ",IFERROR(F2,NULL),", NULL, '",H2,"', '",I2,"', '",M2,"','",N2,"','",O2,"', '2021-04-14 11:08:00', '2999-12-31 23:59:59', 'A', '2021-04-14 11:08:00', 'SYS', '2021-04-14 11:08:00', 'SYS');")} -> VALUES ('PM000', 'Y', 'CK', NULL, 'M', NULL, NULL, 'CK_MS_010000', 'Services', 'Services','Services','R', '2021-04-14 11:08:00', '2999-12-31 23:59:59', 'A', '2021-04-14 11:08:00', 'SYS', '2021-04-14 11:08:00', 'SYS'); | R2: =CONCATENATE(P2,Q2) -> INSERT INTO `T_CORE_PERM_EX` (`PERM_ID`, `PERM_GROUP`, `PERM_APPS`, `PERM_MODULE`, `PERM_TYPE`, `PERM_SERVICE`, `PERM_SERVICE_URI`, `PERM_MENU`,`PERM_MENU_NAME`,`PERM_DESC`, `PERM_DESC_OTH`, `PERM_ACCESS`, `PERM_DT_ACTIVE`, `PERM_DT_DEACTIVE`, `PERM_STATUS`, `PERM_DT_CREATE`, `PERM_UID_CREATE`,`PERM_DT_LUPD`, `PERM_UID_LUPD`) VALUES ('PM000', 'Y', 'CK', NULL, 'M', NULL, NULL, 'CK_MS_010000', 'Services', 'Services','Services','R', '2021-04-14 11:08:00', '2999-12-31 23:59:59', 'A', '2021-04-14 11:08:00', 'SYS', '2021-04-14 11:08:00', 'SYS');
A3: PM001 | B3: Y | C3: CK | D3: NULL | E3: M | F3: NULL | G3: NULL | H3: CK_MP_020000 | I3: Payments | J3: NULL | K3: NULL | L3: NULL | M3: Payments | N3: Payments | O3: R | P3: INSERT INTO `T_CORE_PERM_EX` (`PERM_ID`, `PERM_GROUP`, `PERM_APPS`, `PERM_MODULE`, `PERM_TYPE`, `PERM_SERVICE`, `PERM_SERVICE_URI`, `PERM_MENU`,`PERM_MENU_NAME`,`PERM_DESC`, `PERM_DESC_OTH`, `PERM_ACCESS`, `PERM_DT_ACTIVE`, `PERM_DT_DEACTIVE`, `PERM_STATUS`, `PERM_DT_CREATE`, `PERM_UID_CREATE`,`PERM_DT_LUPD`, `PERM_UID_LUPD`) | Q3: {=CONCATENATE(" VALUES ('",A3,"', '",B3,"', '",C3,"', ",IF(D3="NULL","NULL",CONCATENATE("'",D3,"'")),", '",E3,"', ",IFERROR(F3,NULL),", NULL, '",H3,"', '",I3,"', '",M3,"','",N3,"','",O3,"', '2021-04-14 11:08:00', '2999-12-31 23:59:59', 'A', '2021-04-14 11:08:00', 'SYS', '2021-04-14 11:08:00', 'SYS');")} -> VALUES ('PM001', 'Y', 'CK', NULL, 'M', NULL, NULL, 'CK_MP_020000', 'Payments', 'Payments','Payments','R', '2021-04-14 11:08:00', '2999-12-31 23:59:59', 'A', '2021-04-14 11:08:00', 'SYS', '2021-04-14 11:08:00', 'SYS'); | R3: =CONCATENATE(P3,Q3) -> INSERT INTO `T_CORE_PERM_EX` (`PERM_ID`, `PERM_GROUP`, `PERM_APPS`, `PERM_MODULE`, `PERM_TYPE`, `PERM_SERVICE`, `PERM_SERVICE_URI`, `PERM_MENU`,`PERM_MENU_NAME`,`PERM_DESC`, `PERM_DESC_OTH`, `PERM_ACCESS`, `PERM_DT_ACTIVE`, `PERM_DT_DEACTIVE`, `PERM_STATUS`, `PERM_DT_CREATE`, `PERM_UID_CREATE`,`PERM_DT_LUPD`, `PERM_UID_LUPD`) VALUES ('PM001', 'Y', 'CK', NULL, 'M', NULL, NULL, 'CK_MP_020000', 'Payments', 'Payments','Payments','R', '2021-04-14 11:08:00', '2999-12-31 23:59:59', 'A', '2021-04-14 11:08:00', 'SYS', '2021-04-14 11:08:00', 'SYS');
A4: PM002 | B4: Y | C4: CK | D4: NULL | E4: M | F4: NULL | G4: NULL | H4: CK_MA_030000 | I4: Administrations | J4: NULL | K4: NULL | L4: NULL | M4: Administrations | N4: Administrations | O4: R | P4: INSERT INTO `T_CORE_PERM_EX` (`PERM_ID`, `PERM_GROUP`, `PERM_APPS`, `PERM_MODULE`, `PERM_TYPE`, `PERM_SERVICE`, `PERM_SERVICE_URI`, `PERM_MENU`,`PERM_MENU_NAME`,`PERM_DESC`, `PERM_DESC_OTH`, `PERM_ACCESS`, `PERM_DT_ACTIVE`, `PERM_DT_DEACTIVE`, `PERM_STATUS`, `PERM_DT_CREATE`, `PERM_UID_CREATE`,`PERM_DT_LUPD`, `PERM_UID_LUPD`) | Q4: {=CONCATENATE(" VALUES ('",A4,"', '",B4,"', '",C4,"', ",IF(D4="NULL","NULL",CONCATENATE("'",D4,"'")),", '",E4,"', ",IFERROR(F4,NULL),", NULL, '",H4,"', '",I4,"', '",M4,"','",N4,"','",O4,"', '2021-04-14 11:08:00', '2999-12-31 23:59:59', 'A', '2021-04-14 11:08:00', 'SYS', '2021-04-14 11:08:00', 'SYS');")} -> VALUES ('PM002', 'Y', 'CK', NULL, 'M', NULL, NULL, 'CK_MA_030000', 'Administrations', 'Administrations','Administrations','R', '2021-04-14 11:08:00', '2999-12-31 23:59:59', 'A', '2021-04-14 11:08:00', 'SYS', '2021-04-14 11:08:00', 'SYS'); | R4: =CONCATENATE(P4,Q4) -> INSERT INTO `T_CORE_PERM_EX` (`PERM_ID`, `PERM_GROUP`, `PERM_APPS`, `PERM_MODULE`, `PERM_TYPE`, `PERM_SERVICE`, `PERM_SERVICE_URI`, `PERM_MENU`,`PERM_MENU_NAME`,`PERM_DESC`, `PERM_DESC_OTH`, `PERM_ACCESS`, `PERM_DT_ACTIVE`, `PERM_DT_DEACTIVE`, `PERM_STATUS`, `PERM_DT_CREATE`, `PERM_UID_CREATE`,`PERM_DT_LUPD`, `PERM_UID_LUPD`) VALUES ('PM002', 'Y', 'CK', NULL, 'M', NULL, NULL, 'CK_MA_030000', 'Administrations', 'Administrations','Administrations','R', '2021-04-14 11:08:00', '2999-12-31 23:59:59', 'A', '2021-04-14 11:08:00', 'SYS', '2021-04-14 11:08:00', 'SYS');
A5: PM003 | B5: N | C5: CK | D5: NULL | E5: M | F5: NULL | G5: NULL | H5: CK_MA_030100 | I5: Account Profile | J5: NULL | K5: NULL | L5: NULL | M5: Account Profile | N5: Account Profile | O5: R | P5: INSERT INTO `T_CORE_PERM_EX` (`PERM_ID`, `PERM_GROUP`, `PERM_APPS`, `PERM_MODULE`, `PERM_TYPE`, `PERM_SERVICE`, `PERM_SERVICE_URI`, `PERM_MENU`,`PERM_MENU_NAME`,`PERM_DESC`, `PERM_DESC_OTH`, `PERM_ACCESS`, `PERM_DT_ACTIVE`, `PERM_DT_DEACTIVE`, `PERM_STATUS`, `PERM_DT_CREATE`, `PERM_UID_CREATE`,`PERM_DT_LUPD`, `PERM_UID_LUPD`) | Q5: {=CONCATENATE(" VALUES ('",A5,"', '",B5,"', '",C5,"', ",IF(D5="NULL","NULL",CONCATENATE("'",D5,"'")),", '",E5,"', ",IFERROR(F5,NULL),", NULL, '",H5,"', '",I5,"', '",M5,"','",N5,"','",O5,"', '2021-04-14 11:08:00', '2999-12-31 23:59:59', 'A', '2021-04-14 11:08:00', 'SYS', '2021-04-14 11:08:00', 'SYS');")} -> VALUES ('PM003', 'N', 'CK', NULL, 'M', NULL, NULL, 'CK_MA_030100', 'Account Profile', 'Account Profile','Account Profile','R', '2021-04-14 11:08:00', '2999-12-31 23:59:59', 'A', '2021-04-14 11:08:00', 'SYS', '2021-04-14 11:08:00', 'SYS'); | R5: =CONCATENATE(P5,Q5) -> INSERT INTO `T_CORE_PERM_EX` (`PERM_ID`, `PERM_GROUP`, `PERM_APPS`, `PERM_MODULE`, `PERM_TYPE`, `PERM_SERVICE`, `PERM_SERVICE_URI`, `PERM_MENU`,`PERM_MENU_NAME`,`PERM_DESC`, `PERM_DESC_OTH`, `PERM_ACCESS`, `PERM_DT_ACTIVE`, `PERM_DT_DEACTIVE`, `PERM_STATUS`, `PERM_DT_CREATE`, `PERM_UID_CREATE`,`PERM_DT_LUPD`, `PERM_UID_LUPD`) VALUES ('PM003', 'N', 'CK', NULL, 'M', NULL, NULL, 'CK_MA_030100', 'Account Profile', 'Account Profile','Account Profile','R', '2021-04-14 11:08:00', '2999-12-31 23:59:59', 'A', '2021-04-14 11:08:00', 'SYS', '2021-04-14 11:08:00', 'SYS');
A6: PM004 | B6: N | C6: CK | D6: NULL | E6: M | F6: NULL | G6: NULL | H6: CK_MA_030200 | I6: Users | J6: NULL | K6: NULL | L6: NULL | M6: Users | N6: Users | O6: R | P6: INSERT INTO `T_CORE_PERM_EX` (`PERM_ID`, `PERM_GROUP`, `PERM_APPS`, `PERM_MODULE`, `PERM_TYPE`, `PERM_SERVICE`, `PERM_SERVICE_URI`, `PERM_MENU`,`PERM_MENU_NAME`,`PERM_DESC`, `PERM_DESC_OTH`, `PERM_ACCESS`, `PERM_DT_ACTIVE`, `PERM_DT_DEACTIVE`, `PERM_STATUS`, `PERM_DT_CREATE`, `PERM_UID_CREATE`,`PERM_DT_LUPD`, `PERM_UID_LUPD`) | Q6: {=CONCATENATE(" VALUES ('",A6,"', '",B6,"', '",C6,"', ",IF(D6="NULL","NULL",CONCATENATE("'",D6,"'")),", '",E6,"', ",IFERROR(F6,NULL),", NULL, '",H6,"', '",I6,"', '",M6,"','",N6,"','",O6,"', '2021-04-14 11:08:00', '2999-12-31 23:59:59', 'A', '2021-04-14 11:08:00', 'SYS', '2021-04-14 11:08:00', 'SYS');")} -> VALUES ('PM004', 'N', 'CK', NULL, 'M', NULL, NULL, 'CK_MA_030200', 'Users', 'Users','Users','R', '2021-04-14 11:08:00', '2999-12-31 23:59:59', 'A', '2021-04-14 11:08:00', 'SYS', '2021-04-14 11:08:00', 'SYS'); | R6: =CONCATENATE(P6,Q6) -> INSERT INTO `T_CORE_PERM_EX` (`PERM_ID`, `PERM_GROUP`, `PERM_APPS`, `PERM_MODULE`, `PERM_TYPE`, `PERM_SERVICE`, `PERM_SERVICE_URI`, `PERM_MENU`,`PERM_MENU_NAME`,`PERM_DESC`, `PERM_DESC_OTH`, `PERM_ACCESS`, `PERM_DT_ACTIVE`, `PERM_DT_DEACTIVE`, `PERM_STATUS`, `PERM_DT_CREATE`, `PERM_UID_CREATE`,`PERM_DT_LUPD`, `PERM_UID_LUPD`) VALUES ('PM004', 'N', 'CK', NULL, 'M', NULL, NULL, 'CK_MA_030200', 'Users', 'Users','Users','R', '2021-04-14 11:08:00', '2999-12-31 23:59:59', 'A', '2021-04-14 11:08:00', 'SYS', '2021-04-14 11:08:00', 'SYS');
A7: PM005 | B7: N | C7: CK | D7: NULL | E7: M | F7: NULL | G7: NULL | H7: CK_MA_030300 | I7: Authorisations | J7: NULL | K7: NULL | L7: NULL | M7: Authorisations | N7: Authorisations | O7: R | P7: INSERT INTO `T_CORE_PERM_EX` (`PERM_ID`, `PERM_GROUP`, `PERM_APPS`, `PERM_MODULE`, `PERM_TYPE`, `PERM_SERVICE`, `PERM_SERVICE_URI`, `PERM_MENU`,`PERM_MENU_NAME`,`PERM_DESC`, `PERM_DESC_OTH`, `PERM_ACCESS`, `PERM_DT_ACTIVE`, `PERM_DT_DEACTIVE`, `PERM_STATUS`, `PERM_DT_CREATE`, `PERM_UID_CREATE`,`PERM_DT_LUPD`, `PERM_UID_LUPD`) | Q7: {=CONCATENATE(" VALUES ('",A7,"', '",B7,"', '",C7,"', ",IF(D7="NULL","NULL",CONCATENATE("'",D7,"'")),", '",E7,"', ",IFERROR(F7,NULL),", NULL, '",H7,"', '",I7,"', '",M7,"','",N7,"','",O7,"', '2021-04-14 11:08:00', '2999-12-31 23:59:59', 'A', '2021-04-14 11:08:00', 'SYS', '2021-04-14 11:08:00', 'SYS');")} -> VALUES ('PM005', 'N', 'CK', NULL, 'M', NULL, NULL, 'CK_MA_030300', 'Authorisations', 'Authorisations','Authorisations','R', '2021-04-14 11:08:00', '2999-12-31 23:59:59', 'A', '2021-04-14 11:08:00', 'SYS', '2021-04-14 11:08:00', 'SYS'); | R7: =CONCATENATE(P7,Q7) -> INSERT INTO `T_CORE_PERM_EX` (`PERM_ID`, `PERM_GROUP`, `PERM_APPS`, `PERM_MODULE`, `PERM_TYPE`, `PERM_SERVICE`, `PERM_SERVICE_URI`, `PERM_MENU`,`PERM_MENU_NAME`,`PERM_DESC`, `PERM_DESC_OTH`, `PERM_ACCESS`, `PERM_DT_ACTIVE`, `PERM_DT_DEACTIVE`, `PERM_STATUS`, `PERM_DT_CREATE`, `PERM_UID_CREATE`,`PERM_DT_LUPD`, `PERM_UID_LUPD`) VALUES ('PM005', 'N', 'CK', NULL, 'M', NULL, NULL, 'CK_MA_030300', 'Authorisations', 'Authorisations','Authorisations','R', '2021-04-14 11:08:00', '2999-12-31 23:59:59', 'A', '2021-04-14 11:08:00', 'SYS', '2021-04-14 11:08:00', 'SYS');
A8: PM006 | B8: N | C8: CK | D8: NULL | E8: M | F8: NULL | G8: NULL | H8: CK_MH_040000 | I8: Help | J8: NULL | K8: NULL | L8: NULL | M8: Help | N8: Help | O8: R | P8: INSERT INTO `T_CORE_PERM_EX` (`PERM_ID`, `PERM_GROUP`, `PERM_APPS`, `PERM_MODULE`, `PERM_TYPE`, `PERM_SERVICE`, `PERM_SERVICE_URI`, `PERM_MENU`,`PERM_MENU_NAME`,`PERM_DESC`, `PERM_DESC_OTH`, `PERM_ACCESS`, `PERM_DT_ACTIVE`, `PERM_DT_DEACTIVE`, `PERM_STATUS`, `PERM_DT_CREATE`, `PERM_UID_CREATE`,`PERM_DT_LUPD`, `PERM_UID_LUPD`) | Q8: {=CONCATENATE(" VALUES ('",A8,"', '",B8,"', '",C8,"', ",IF(D8="NULL","NULL",CONCATENATE("'",D8,"'")),", '",E8,"', ",IFERROR(F8,NULL),", NULL, '",H8,"', '",I8,"', '",M8,"','",N8,"','",O8,"', '2021-04-14 11:08:00', '2999-12-31 23:59:59', 'A', '2021-04-14 11:08:00', 'SYS', '2021-04-14 11:08:00', 'SYS');")} -> VALUES ('PM006', 'N', 'CK', NULL, 'M', NULL, NULL, 'CK_MH_040000', 'Help', 'Help','Help','R', '2021-04-14 11:08:00', '2999-12-31 23:59:59', 'A', '2021-04-14 11:08:00', 'SYS', '2021-04-14 11:08:00', 'SYS'); | R8: =CONCATENATE(P8,Q8) -> INSERT INTO `T_CORE_PERM_EX` (`PERM_ID`, `PERM_GROUP`, `PERM_APPS`, `PERM_MODULE`, `PERM_TYPE`, `PERM_SERVICE`, `PERM_SERVICE_URI`, `PERM_MENU`,`PERM_MENU_NAME`,`PERM_DESC`, `PERM_DESC_OTH`, `PERM_ACCESS`, `PERM_DT_ACTIVE`, `PERM_DT_DEACTIVE`, `PERM_STATUS`, `PERM_DT_CREATE`, `PERM_UID_CREATE`,`PERM_DT_LUPD`, `PERM_UID_LUPD`) VALUES ('PM006', 'N', 'CK', NULL, 'M', NULL, NULL, 'CK_MH_040000', 'Help', 'Help','Help','R', '2021-04-14 11:08:00', '2999-12-31 23:59:59', 'A', '2021-04-14 11:08:00', 'SYS', '2021-04-14 11:08:00', 'SYS');
A9: PM007 | B9: Y | C9: CK | D9: NULL | E9: M | F9: NULL | G9: NULL | H9: CK_MT_050000 | I9: Master Table | J9: NULL | K9: NULL | L9: NULL | M9: Master Table | N9: Master Table | O9: R | P9: INSERT INTO `T_CORE_PERM_EX` (`PERM_ID`, `PERM_GROUP`, `PERM_APPS`, `PERM_MODULE`, `PERM_TYPE`, `PERM_SERVICE`, `PERM_SERVICE_URI`, `PERM_MENU`,`PERM_MENU_NAME`,`PERM_DESC`, `PERM_DESC_OTH`, `PERM_ACCESS`, `PERM_DT_ACTIVE`, `PERM_DT_DEACTIVE`, `PERM_STATUS`, `PERM_DT_CREATE`, `PERM_UID_CREATE`,`PERM_DT_LUPD`, `PERM_UID_LUPD`) | Q9: {=CONCATENATE(" VALUES ('",A9,"', '",B9,"', '",C9,"', ",IF(D9="NULL","NULL",CONCATENATE("'",D9,"'")),", '",E9,"', ",IFERROR(F9,NULL),", NULL, '",H9,"', '",I9,"', '",M9,"','",N9,"','",O9,"', '2021-04-14 11:08:00', '2999-12-31 23:59:59', 'A', '2021-04-14 11:08:00', 'SYS', '2021-04-14 11:08:00', 'SYS');")} -> VALUES ('PM007', 'Y', 'CK', NULL, 'M', NULL, NULL, 'CK_MT_050000', 'Master Table', 'Master Table','Master Table','R', '2021-04-14 11:08:00', '2999-12-31 23:59:59', 'A', '2021-04-14 11:08:00', 'SYS', '2021-04-14 11:08:00', 'SYS'); | R9: =CONCATENATE(P9,Q9) -> INSERT INTO `T_CORE_PERM_EX` (`PERM_ID`, `PERM_GROUP`, `PERM_APPS`, `PERM_MODULE`, `PERM_TYPE`, `PERM_SERVICE`, `PERM_SERVICE_URI`, `PERM_MENU`,`PERM_MENU_NAME`,`PERM_DESC`, `PERM_DESC_OTH`, `PERM_ACCESS`, `PERM_DT_ACTIVE`, `PERM_DT_DEACTIVE`, `PERM_STATUS`, `PERM_DT_CREATE`, `PERM_UID_CREATE`,`PERM_DT_LUPD`, `PERM_UID_LUPD`) VALUES ('PM007', 'Y', 'CK', NULL, 'M', NULL, NULL, 'CK_MT_050000', 'Master Table', 'Master Table','Master Table','R', '2021-04-14 11:08:00', '2999-12-31 23:59:59', 'A', '2021-04-14 11:08:00', 'SYS', '2021-04-14 11:08:00', 'SYS');
A10: PM008 | B10: N | C10: CK | D10: NULL | E10: M | F10: NULL | G10: NULL | H10: CK_MT_050100 | I10: Announcement Type | J10: NULL | K10: NULL | L10: NULL | M10: Announcement Type | N10: Announcement Type | O10: R | P10: INSERT INTO `T_CORE_PERM_EX` (`PERM_ID`, `PERM_GROUP`, `PERM_APPS`, `PERM_MODULE`, `PERM_TYPE`, `PERM_SERVICE`, `PERM_SERVICE_URI`, `PERM_MENU`,`PERM_MENU_NAME`,`PERM_DESC`, `PERM_DESC_OTH`, `PERM_ACCESS`, `PERM_DT_ACTIVE`, `PERM_DT_DEACTIVE`, `PERM_STATUS`, `PERM_DT_CREATE`, `PERM_UID_CREATE`,`PERM_DT_LUPD`, `PERM_UID_LUPD`) | Q10: {=CONCATENATE(" VALUES ('",A10,"', '",B10,"', '",C10,"', ",IF(D10="NULL","NULL",CONCATENATE("'",D10,"'")),", '",E10,"', ",IFERROR(F10,NULL),", NULL, '",H10,"', '",I10,"', '",M10,"','",N10,"','",O10,"', '2021-04-14 11:08:00', '2999-12-31 23:59:59', 'A', '2021-04-14 11:08:00', 'SYS', '2021-04-14 11:08:00', 'SYS');")} -> VALUES ('PM008', 'N', 'CK', NULL, 'M', NULL, NULL, 'CK_MT_050100', 'Announcement Type', 'Announcement Type','Announcement Type','R', '2021-04-14 11:08:00', '2999-12-31 23:59:59', 'A', '2021-04-14 11:08:00', 'SYS', '2021-04-14 11:08:00', 'SYS'); | R10: =CONCATENATE(P10,Q10) -> INSERT INTO `T_CORE_PERM_EX` (`PERM_ID`, `PERM_GROUP`, `PERM_APPS`, `PERM_MODULE`, `PERM_TYPE`, `PERM_SERVICE`, `PERM_SERVICE_URI`, `PERM_MENU`,`PERM_MENU_NAME`,`PERM_DESC`, `PERM_DESC_OTH`, `PERM_ACCESS`, `PERM_DT_ACTIVE`, `PERM_DT_DEACTIVE`, `PERM_STATUS`, `PERM_DT_CREATE`, `PERM_UID_CREATE`,`PERM_DT_LUPD`, `PERM_UID_LUPD`) VALUES ('PM008', 'N', 'CK', NULL, 'M', NULL, NULL, 'CK_MT_050100', 'Announcement Type', 'Announcement Type','Announcement Type','R', '2021-04-14 11:08:00', '2999-12-31 23:59:59', 'A', '2021-04-14 11:08:00', 'SYS', '2021-04-14 11:08:00', 'SYS');
A11: PM009 | B11: N | C11: CK | D11: NULL | E11: M | F11: NULL | G11: NULL | H11: CK_MT_050200 | I11: Country Codes | J11: NULL | K11: NULL | L11: NULL | M11: Country Codes | N11: Country Codes | O11: R | P11: INSERT INTO `T_CORE_PERM_EX` (`PERM_ID`, `PERM_GROUP`, `PERM_APPS`, `PERM_MODULE`, `PERM_TYPE`, `PERM_SERVICE`, `PERM_SERVICE_URI`, `PERM_MENU`,`PERM_MENU_NAME`,`PERM_DESC`, `PERM_DESC_OTH`, `PERM_ACCESS`, `PERM_DT_ACTIVE`, `PERM_DT_DEACTIVE`, `PERM_STATUS`, `PERM_DT_CREATE`, `PERM_UID_CREATE`,`PERM_DT_LUPD`, `PERM_UID_LUPD`) | Q11: {=CONCATENATE(" VALUES ('",A11,"', '",B11,"', '",C11,"', ",IF(D11="NULL","NULL",CONCATENATE("'",D11,"'")),", '",E11,"', ",IFERROR(F11,NULL),", NULL, '",H11,"', '",I11,"', '",M11,"','",N11,"','",O11,"', '2021-04-14 11:08:00', '2999-12-31 23:59:59', 'A', '2021-04-14 11:08:00', 'SYS', '2021-04-14 11:08:00', 'SYS');")} -> VALUES ('PM009', 'N', 'CK', NULL, 'M', NULL, NULL, 'CK_MT_050200', 'Country Codes', 'Country Codes','Country Codes','R', '2021-04-14 11:08:00', '2999-12-31 23:59:59', 'A', '2021-04-14 11:08:00', 'SYS', '2021-04-14 11:08:00', 'SYS'); | R11: =CONCATENATE(P11,Q11) -> INSERT INTO `T_CORE_PERM_EX` (`PERM_ID`, `PERM_GROUP`, `PERM_APPS`, `PERM_MODULE`, `PERM_TYPE`, `PERM_SERVICE`, `PERM_SERVICE_URI`, `PERM_MENU`,`PERM_MENU_NAME`,`PERM_DESC`, `PERM_DESC_OTH`, `PERM_ACCESS`, `PERM_DT_ACTIVE`, `PERM_DT_DEACTIVE`, `PERM_STATUS`, `PERM_DT_CREATE`, `PERM_UID_CREATE`,`PERM_DT_LUPD`, `PERM_UID_LUPD`) VALUES ('PM009', 'N', 'CK', NULL, 'M', NULL, NULL, 'CK_MT_050200', 'Country Codes', 'Country Codes','Country Codes','R', '2021-04-14 11:08:00', '2999-12-31 23:59:59', 'A', '2021-04-14 11:08:00', 'SYS', '2021-04-14 11:08:00', 'SYS');
A12: PM010 | B12: N | C12: CK | D12: NULL | E12: M | F12: NULL | G12: NULL | H12: CK_MT_050300 | I12: Currency Code | J12: NULL | K12: NULL | L12: NULL | M12: Currency Code | N12: Currency Code | O12: R | P12: INSERT INTO `T_CORE_PERM_EX` (`PERM_ID`, `PERM_GROUP`, `PERM_APPS`, `PERM_MODULE`, `PERM_TYPE`, `PERM_SERVICE`, `PERM_SERVICE_URI`, `PERM_MENU`,`PERM_MENU_NAME`,`PERM_DESC`, `PERM_DESC_OTH`, `PERM_ACCESS`, `PERM_DT_ACTIVE`, `PERM_DT_DEACTIVE`, `PERM_STATUS`, `PERM_DT_CREATE`, `PERM_UID_CREATE`,`PERM_DT_LUPD`, `PERM_UID_LUPD`) | Q12: {=CONCATENATE(" VALUES ('",A12,"', '",B12,"', '",C12,"', ",IF(D12="NULL","NULL",CONCATENATE("'",D12,"'")),", '",E12,"', ",IFERROR(F12,NULL),", NULL, '",H12,"', '",I12,"', '",M12,"','",N12,"','",O12,"', '2021-04-14 11:08:00', '2999-12-31 23:59:59', 'A', '2021-04-14 11:08:00', 'SYS', '2021-04-14 11:08:00', 'SYS');")} -> VALUES ('PM010', 'N', 'CK', NULL, 'M', NULL, NULL, 'CK_MT_050300', 'Currency Code', 'Currency Code','Currency Code','R', '2021-04-14 11:08:00', '2999-12-31 23:59:59', 'A', '2021-04-14 11:08:00', 'SYS', '2021-04-14 11:08:00', 'SYS'); | R12: =CONCATENATE(P12,Q12) -> INSERT INTO `T_CORE_PERM_EX` (`PERM_ID`, `PERM_GROUP`, `PERM_APPS`, `PERM_MODULE`, `PERM_TYPE`, `PERM_SERVICE`, `PERM_SERVICE_URI`, `PERM_MENU`,`PERM_MENU_NAME`,`PERM_DESC`, `PERM_DESC_OTH`, `PERM_ACCESS`, `PERM_DT_ACTIVE`, `PERM_DT_DEACTIVE`, `PERM_STATUS`, `PERM_DT_CREATE`, `PERM_UID_CREATE`,`PERM_DT_LUPD`, `PERM_UID_LUPD`) VALUES ('PM010', 'N', 'CK', NULL, 'M', NULL, NULL, 'CK_MT_050300', 'Currency Code', 'Currency Code','Currency Code','R', '2021-04-14 11:08:00', '2999-12-31 23:59:59', 'A', '2021-04-14 11:08:00', 'SYS', '2021-04-14 11:08:00', 'SYS');
A13: PM011 | B13: N | C13: CK | D13: NULL | E13: M | F13: NULL | G13: NULL | H13: CK_MT_050400 | I13: Harmonized System Codes | J13: NULL | K13: NULL | L13: NULL | M13: Harmonized System Codes | N13: Harmonized System Codes | O13: R | P13: INSERT INTO `T_CORE_PERM_EX` (`PERM_ID`, `PERM_GROUP`, `PERM_APPS`, `PERM_MODULE`, `PERM_TYPE`, `PERM_SERVICE`, `PERM_SERVICE_URI`, `PERM_MENU`,`PERM_MENU_NAME`,`PERM_DESC`, `PERM_DESC_OTH`, `PERM_ACCESS`, `PERM_DT_ACTIVE`, `PERM_DT_DEACTIVE`, `PERM_STATUS`, `PERM_DT_CREATE`, `PERM_UID_CREATE`,`PERM_DT_LUPD`, `PERM_UID_LUPD`) | Q13: {=CONCATENATE(" VALUES ('",A13,"', '",B13,"', '",C13,"', ",IF(D13="NULL","NULL",CONCATENATE("'",D13,"'")),", '",E13,"', ",IFERROR(F13,NULL),", NULL, '",H13,"', '",I13,"', '",M13,"','",N13,"','",O13,"', '2021-04-14 11:08:00', '2999-12-31 23:59:59', 'A', '2021-04-14 11:08:00', 'SYS', '2021-04-14 11:08:00', 'SYS');")} -> VALUES ('PM011', 'N', 'CK', NULL, 'M', NULL, NULL, 'CK_MT_050400', 'Harmonized System Codes', 'Harmonized System Codes','Harmonized System Codes','R', '2021-04-14 11:08:00', '2999-12-31 23:59:59', 'A', '2021-04-14 11:08:00', 'SYS', '2021-04-14 11:08:00', 'SYS'); | R13: =CONCATENATE(P13,Q13) -> INSERT INTO `T_CORE_PERM_EX` (`PERM_ID`, `PERM_GROUP`, `PERM_APPS`, `PERM_MODULE`, `PERM_TYPE`, `PERM_SERVICE`, `PERM_SERVICE_URI`, `PERM_MENU`,`PERM_MENU_NAME`,`PERM_DESC`, `PERM_DESC_OTH`, `PERM_ACCESS`, `PERM_DT_ACTIVE`, `PERM_DT_DEACTIVE`, `PERM_STATUS`, `PERM_DT_CREATE`, `PERM_UID_CREATE`,`PERM_DT_LUPD`, `PERM_UID_LUPD`) VALUES ('PM011', 'N', 'CK', NULL, 'M', NULL, NULL, 'CK_MT_050400', 'Harmonized System Codes', 'Harmonized System Codes','Harmonized System Codes','R', '2021-04-14 11:08:00', '2999-12-31 23:59:59', 'A', '2021-04-14 11:08:00', 'SYS', '2021-04-14 11:08:00', 'SYS');
... A25: PM023 | B25: N | C25: CK | D25: NULL | E25: M | F25: NULL | G25: NULL | H25: CK_MSA_060700 | I25: Manage All Accounts | J25: NULL | K25: NULL | L25: NULL | M25: Manage All Accounts | N25: Manage All Accounts | O25: R | P25: INSERT INTO `T_CORE_PERM_EX` (`PERM_ID`, `PERM_GROUP`, `PERM_APPS`, `PERM_MODULE`, `PERM_TYPE`, `PERM_SERVICE`, `PERM_SERVICE_URI`, `PERM_MENU`,`PERM_MENU_NAME`,`PERM_DESC`, `PERM_DESC_OTH`, `PERM_ACCESS`, `PERM_DT_ACTIVE`, `PERM_DT_DEACTIVE`, `PERM_STATUS`, `PERM_DT_CREATE`, `PERM_UID_CREATE`,`PERM_DT_LUPD`, `PERM_UID_LUPD`) | Q25: {=CONCATENATE(" VALUES ('",A25,"', '",B25,"', '",C25,"', ",IF(D25="NULL","NULL",CONCATENATE("'",D25,"'")),", '",E25,"', ",IFERROR(F25,NULL),", NULL, '",H25,"', '",I25,"', '",M25,"','",N25,"','",O25,"', '2021-04-14 11:08:00', '2999-12-31 23:59:59', 'A', '2021-04-14 11:08:00', 'SYS', '2021-04-14 11:08:00', 'SYS');")} -> VALUES ('PM023', 'N', 'CK', NULL, 'M', NULL, NULL, 'CK_MSA_060700', 'Manage All Accounts', 'Manage All Accounts','Manage All Accounts','R', '2021-04-14 11:08:00', '2999-12-31 23:59:59', 'A', '2021-04-14 11:08:00', 'SYS', '2021-04-14 11:08:00', 'SYS'); | R25: =CONCATENATE(P25,Q25) -> INSERT INTO `T_CORE_PERM_EX` (`PERM_ID`, `PERM_GROUP`, `PERM_APPS`, `PERM_MODULE`, `PERM_TYPE`, `PERM_SERVICE`, `PERM_SERVICE_URI`, `PERM_MENU`,`PERM_MENU_NAME`,`PERM_DESC`, `PERM_DESC_OTH`, `PERM_ACCESS`, `PERM_DT_ACTIVE`, `PERM_DT_DEACTIVE`, `PERM_STATUS`, `PERM_DT_CREATE`, `PERM_UID_CREATE`,`PERM_DT_LUPD`, `PERM_UID_LUPD`) VALUES ('PM023', 'N', 'CK', NULL, 'M', NULL, NULL, 'CK_MSA_060700', 'Manage All Accounts', 'Manage All Accounts','Manage All Accounts','R', '2021-04-14 11:08:00', '2999-12-31 23:59:59', 'A', '2021-04-14 11:08:00', 'SYS', '2021-04-14 11:08:00', 'SYS');
A26: PM024
A27: PM025
A28: PM026
A29: PM027
A30: PM028 | B30: N | C30: CKT | D30: NULL | E30: M | F30: NULL | G30: NULL | H30: CKT_MS_010000 | I30: Services | J30: NULL | K30: NULL | L30: NULL | M30: Services | N30: Services | O30: R | P30: INSERT INTO `T_CORE_PERM_EX` (`PERM_ID`, `PERM_GROUP`, `PERM_APPS`, `PERM_MODULE`, `PERM_TYPE`, `PERM_SERVICE`, `PERM_SERVICE_URI`, `PERM_MENU`,`PERM_MENU_NAME`,`PERM_DESC`, `PERM_DESC_OTH`, `PERM_ACCESS`, `PERM_DT_ACTIVE`, `PERM_DT_DEACTIVE`, `PERM_STATUS`, `PERM_DT_CREATE`, `PERM_UID_CREATE`,`PERM_DT_LUPD`, `PERM_UID_LUPD`) | Q30: {=CONCATENATE(" VALUES ('",A30,"', '",B30,"', '",C30,"', ",IF(D30="NULL","NULL",CONCATENATE("'",D30,"'")),", '",E30,"', ",IFERROR(F30,NULL),", NULL, '",H30,"', '",I30,"', '",M30,"','",N30,"','",O30,"', '2021-04-14 11:08:00', '2999-12-31 23:59:59', 'A', '2021-04-14 11:08:00', 'SYS', '2021-04-14 11:08:00', 'SYS');")} -> VALUES ('PM028', 'N', 'CKT', NULL, 'M', NULL, NULL, 'CKT_MS_010000', 'Services', 'Services','Services','R', '2021-04-14 11:08:00', '2999-12-31 23:59:59', 'A', '2021-04-14 11:08:00', 'SYS', '2021-04-14 11:08:00', 'SYS'); | R30: =CONCATENATE(P30,Q30) -> INSERT INTO `T_CORE_PERM_EX` (`PERM_ID`, `PERM_GROUP`, `PERM_APPS`, `PERM_MODULE`, `PERM_TYPE`, `PERM_SERVICE`, `PERM_SERVICE_URI`, `PERM_MENU`,`PERM_MENU_NAME`,`PERM_DESC`, `PERM_DESC_OTH`, `PERM_ACCESS`, `PERM_DT_ACTIVE`, `PERM_DT_DEACTIVE`, `PERM_STATUS`, `PERM_DT_CREATE`, `PERM_UID_CREATE`,`PERM_DT_LUPD`, `PERM_UID_LUPD`) VALUES ('PM028', 'N', 'CKT', NULL, 'M', NULL, NULL, 'CKT_MS_010000', 'Services', 'Services','Services','R', '2021-04-14 11:08:00', '2999-12-31 23:59:59', 'A', '2021-04-14 11:08:00', 'SYS', '2021-04-14 11:08:00', 'SYS');
A31: PM029 | B31: N | C31: CKT | D31: NULL | E31: M | F31: NULL | G31: NULL | H31: CKT_MA_030000 | I31: Administrations | J31: NULL | K31: NULL | L31: NULL | M31: Administrations | N31: Administrations | O31: R | P31: INSERT INTO `T_CORE_PERM_EX` (`PERM_ID`, `PERM_GROUP`, `PERM_APPS`, `PERM_MODULE`, `PERM_TYPE`, `PERM_SERVICE`, `PERM_SERVICE_URI`, `PERM_MENU`,`PERM_MENU_NAME`,`PERM_DESC`, `PERM_DESC_OTH`, `PERM_ACCESS`, `PERM_DT_ACTIVE`, `PERM_DT_DEACTIVE`, `PERM_STATUS`, `PERM_DT_CREATE`, `PERM_UID_CREATE`,`PERM_DT_LUPD`, `PERM_UID_LUPD`) | Q31: {=CONCATENATE(" VALUES ('",A31,"', '",B31,"', '",C31,"', ",IF(D31="NULL","NULL",CONCATENATE("'",D31,"'")),", '",E31,"', ",IFERROR(F31,NULL),", NULL, '",H31,"', '",I31,"', '",M31,"','",N31,"','",O31,"', '2021-04-14 11:08:00', '2999-12-31 23:59:59', 'A', '2021-04-14 11:08:00', 'SYS', '2021-04-14 11:08:00', 'SYS');")} -> VALUES ('PM029', 'N', 'CKT', NULL, 'M', NULL, NULL, 'CKT_MA_030000', 'Administrations', 'Administrations','Administrations','R', '2021-04-14 11:08:00', '2999-12-31 23:59:59', 'A', '2021-04-14 11:08:00', 'SYS', '2021-04-14 11:08:00', 'SYS'); | R31: =CONCATENATE(P31,Q31) -> INSERT INTO `T_CORE_PERM_EX` (`PERM_ID`, `PERM_GROUP`, `PERM_APPS`, `PERM_MODULE`, `PERM_TYPE`, `PERM_SERVICE`, `PERM_SERVICE_URI`, `PERM_MENU`,`PERM_MENU_NAME`,`PERM_DESC`, `PERM_DESC_OTH`, `PERM_ACCESS`, `PERM_DT_ACTIVE`, `PERM_DT_DEACTIVE`, `PERM_STATUS`, `PERM_DT_CREATE`, `PERM_UID_CREATE`,`PERM_DT_LUPD`, `PERM_UID_LUPD`) VALUES ('PM029', 'N', 'CKT', NULL, 'M', NULL, NULL, 'CKT_MA_030000', 'Administrations', 'Administrations','Administrations','R', '2021-04-14 11:08:00', '2999-12-31 23:59:59', 'A', '2021-04-14 11:08:00', 'SYS', '2021-04-14 11:08:00', 'SYS');
A32: PM030 | B32: N | C32: CKT | D32: NULL | E32: M | F32: NULL | G32: NULL | H32: CKT_MA_030100 | I32: Manage Trucks | J32: NULL | K32: NULL | L32: NULL | M32: Manage Trucks | N32: Manage Trucks | O32: R | P32: INSERT INTO `T_CORE_PERM_EX` (`PERM_ID`, `PERM_GROUP`, `PERM_APPS`, `PERM_MODULE`, `PERM_TYPE`, `PERM_SERVICE`, `PERM_SERVICE_URI`, `PERM_MENU`,`PERM_MENU_NAME`,`PERM_DESC`, `PERM_DESC_OTH`, `PERM_ACCESS`, `PERM_DT_ACTIVE`, `PERM_DT_DEACTIVE`, `PERM_STATUS`, `PERM_DT_CREATE`, `PERM_UID_CREATE`,`PERM_DT_LUPD`, `PERM_UID_LUPD`) | Q32: {=CONCATENATE(" VALUES ('",A32,"', '",B32,"', '",C32,"', ",IF(D32="NULL","NULL",CONCATENATE("'",D32,"'")),", '",E32,"', ",IFERROR(F32,NULL),", NULL, '",H32,"', '",I32,"', '",M32,"','",N32,"','",O32,"', '2021-04-14 11:08:00', '2999-12-31 23:59:59', 'A', '2021-04-14 11:08:00', 'SYS', '2021-04-14 11:08:00', 'SYS');")} -> VALUES ('PM030', 'N', 'CKT', NULL, 'M', NULL, NULL, 'CKT_MA_030100', 'Manage Trucks', 'Manage Trucks','Manage Trucks','R', '2021-04-14 11:08:00', '2999-12-31 23:59:59', 'A', '2021-04-14 11:08:00', 'SYS', '2021-04-14 11:08:00', 'SYS'); | R32: =CONCATENATE(P32,Q32) -> INSERT INTO `T_CORE_PERM_EX` (`PERM_ID`, `PERM_GROUP`, `PERM_APPS`, `PERM_MODULE`, `PERM_TYPE`, `PERM_SERVICE`, `PERM_SERVICE_URI`, `PERM_MENU`,`PERM_MENU_NAME`,`PERM_DESC`, `PERM_DESC_OTH`, `PERM_ACCESS`, `PERM_DT_ACTIVE`, `PERM_DT_DEACTIVE`, `PERM_STATUS`, `PERM_DT_CREATE`, `PERM_UID_CREATE`,`PERM_DT_LUPD`, `PERM_UID_LUPD`) VALUES ('PM030', 'N', 'CKT', NULL, 'M', NULL, NULL, 'CKT_MA_030100', 'Manage Trucks', 'Manage Trucks','Manage Trucks','R', '2021-04-14 11:08:00', '2999-12-31 23:59:59', 'A', '2021-04-14 11:08:00', 'SYS', '2021-04-14 11:08:00', 'SYS');
A33: PM031 | B33: N | C33: CKT | D33: NULL | E33: M | F33: NULL | G33: NULL | H33: CKT_MA_030200 | I33: Manage Drivers | J33: NULL | K33: NULL | L33: NULL | M33: Manage Drivers | N33: Manage Drivers | O33: R | P33: INSERT INTO `T_CORE_PERM_EX` (`PERM_ID`, `PERM_GROUP`, `PERM_APPS`, `PERM_MODULE`, `PERM_TYPE`, `PERM_SERVICE`, `PERM_SERVICE_URI`, `PERM_MENU`,`PERM_MENU_NAME`,`PERM_DESC`, `PERM_DESC_OTH`, `PERM_ACCESS`, `PERM_DT_ACTIVE`, `PERM_DT_DEACTIVE`, `PERM_STATUS`, `PERM_DT_CREATE`, `PERM_UID_CREATE`,`PERM_DT_LUPD`, `PERM_UID_LUPD`) | Q33: {=CONCATENATE(" VALUES ('",A33,"', '",B33,"', '",C33,"', ",IF(D33="NULL","NULL",CONCATENATE("'",D33,"'")),", '",E33,"', ",IFERROR(F33,NULL),", NULL, '",H33,"', '",I33,"', '",M33,"','",N33,"','",O33,"', '2021-04-14 11:08:00', '2999-12-31 23:59:59', 'A', '2021-04-14 11:08:00', 'SYS', '2021-04-14 11:08:00', 'SYS');")} -> VALUES ('PM031', 'N', 'CKT', NULL, 'M', NULL, NULL, 'CKT_MA_030200', 'Manage Drivers', 'Manage Drivers','Manage Drivers','R', '2021-04-14 11:08:00', '2999-12-31 23:59:59', 'A', '2021-04-14 11:08:00', 'SYS', '2021-04-14 11:08:00', 'SYS'); | R33: =CONCATENATE(P33,Q33) -> INSERT INTO `T_CORE_PERM_EX` (`PERM_ID`, `PERM_GROUP`, `PERM_APPS`, `PERM_MODULE`, `PERM_TYPE`, `PERM_SERVICE`, `PERM_SERVICE_URI`, `PERM_MENU`,`PERM_MENU_NAME`,`PERM_DESC`, `PERM_DESC_OTH`, `PERM_ACCESS`, `PERM_DT_ACTIVE`, `PERM_DT_DEACTIVE`, `PERM_STATUS`, `PERM_DT_CREATE`, `PERM_UID_CREATE`,`PERM_DT_LUPD`, `PERM_UID_LUPD`) VALUES ('PM031', 'N', 'CKT', NULL, 'M', NULL, NULL, 'CKT_MA_030200', 'Manage Drivers', 'Manage Drivers','Manage Drivers','R', '2021-04-14 11:08:00', '2999-12-31 23:59:59', 'A', '2021-04-14 11:08:00', 'SYS', '2021-04-14 11:08:00', 'SYS');
A34: PM032 | B34: N | C34: CKT | D34: NULL | E34: M | F34: NULL | G34: NULL | H34: CKT_MA_030300 | I34: Manage Locations | J34: NULL | K34: NULL | L34: NULL | M34: Manage Locations | N34: Manage Locations | O34: R | P34: INSERT INTO `T_CORE_PERM_EX` (`PERM_ID`, `PERM_GROUP`, `PERM_APPS`, `PERM_MODULE`, `PERM_TYPE`, `PERM_SERVICE`, `PERM_SERVICE_URI`, `PERM_MENU`,`PERM_MENU_NAME`,`PERM_DESC`, `PERM_DESC_OTH`, `PERM_ACCESS`, `PERM_DT_ACTIVE`, `PERM_DT_DEACTIVE`, `PERM_STATUS`, `PERM_DT_CREATE`, `PERM_UID_CREATE`,`PERM_DT_LUPD`, `PERM_UID_LUPD`) | Q34: {=CONCATENATE(" VALUES ('",A34,"', '",B34,"', '",C34,"', ",IF(D34="NULL","NULL",CONCATENATE("'",D34,"'")),", '",E34,"', ",IFERROR(F34,NULL),", NULL, '",H34,"', '",I34,"', '",M34,"','",N34,"','",O34,"', '2021-04-14 11:08:00', '2999-12-31 23:59:59', 'A', '2021-04-14 11:08:00', 'SYS', '2021-04-14 11:08:00', 'SYS');")} -> VALUES ('PM032', 'N', 'CKT', NULL, 'M', NULL, NULL, 'CKT_MA_030300', 'Manage Locations', 'Manage Locations','Manage Locations','R', '2021-04-14 11:08:00', '2999-12-31 23:59:59', 'A', '2021-04-14 11:08:00', 'SYS', '2021-04-14 11:08:00', 'SYS'); | R34: =CONCATENATE(P34,Q34) -> INSERT INTO `T_CORE_PERM_EX` (`PERM_ID`, `PERM_GROUP`, `PERM_APPS`, `PERM_MODULE`, `PERM_TYPE`, `PERM_SERVICE`, `PERM_SERVICE_URI`, `PERM_MENU`,`PERM_MENU_NAME`,`PERM_DESC`, `PERM_DESC_OTH`, `PERM_ACCESS`, `PERM_DT_ACTIVE`, `PERM_DT_DEACTIVE`, `PERM_STATUS`, `PERM_DT_CREATE`, `PERM_UID_CREATE`,`PERM_DT_LUPD`, `PERM_UID_LUPD`) VALUES ('PM032', 'N', 'CKT', NULL, 'M', NULL, NULL, 'CKT_MA_030300', 'Manage Locations', 'Manage Locations','Manage Locations','R', '2021-04-14 11:08:00', '2999-12-31 23:59:59', 'A', '2021-04-14 11:08:00', 'SYS', '2021-04-14 11:08:00', 'SYS');
A35: PM033 | B35: N | C35: CKT | D35: NULL | E35: M | F35: NULL | G35: NULL | H35: CKT_MA_030400 | I35: Manage Rentals | J35: NULL | K35: NULL | L35: NULL | M35: Manage Rentals | N35: Manage Rentals | O35: R | P35: INSERT INTO `T_CORE_PERM_EX` (`PERM_ID`, `PERM_GROUP`, `PERM_APPS`, `PERM_MODULE`, `PERM_TYPE`, `PERM_SERVICE`, `PERM_SERVICE_URI`, `PERM_MENU`,`PERM_MENU_NAME`,`PERM_DESC`, `PERM_DESC_OTH`, `PERM_ACCESS`, `PERM_DT_ACTIVE`, `PERM_DT_DEACTIVE`, `PERM_STATUS`, `PERM_DT_CREATE`, `PERM_UID_CREATE`,`PERM_DT_LUPD`, `PERM_UID_LUPD`) | Q35: {=CONCATENATE(" VALUES ('",A35,"', '",B35,"', '",C35,"', ",IF(D35="NULL","NULL",CONCATENATE("'",D35,"'")),", '",E35,"', ",IFERROR(F35,NULL),", NULL, '",H35,"', '",I35,"', '",M35,"','",N35,"','",O35,"', '2021-04-14 11:08:00', '2999-12-31 23:59:59', 'A', '2021-04-14 11:08:00', 'SYS', '2021-04-14 11:08:00', 'SYS');")} -> VALUES ('PM033', 'N', 'CKT', NULL, 'M', NULL, NULL, 'CKT_MA_030400', 'Manage Rentals', 'Manage Rentals','Manage Rentals','R', '2021-04-14 11:08:00', '2999-12-31 23:59:59', 'A', '2021-04-14 11:08:00', 'SYS', '2021-04-14 11:08:00', 'SYS'); | R35: =CONCATENATE(P35,Q35) -> INSERT INTO `T_CORE_PERM_EX` (`PERM_ID`, `PERM_GROUP`, `PERM_APPS`, `PERM_MODULE`, `PERM_TYPE`, `PERM_SERVICE`, `PERM_SERVICE_URI`, `PERM_MENU`,`PERM_MENU_NAME`,`PERM_DESC`, `PERM_DESC_OTH`, `PERM_ACCESS`, `PERM_DT_ACTIVE`, `PERM_DT_DEACTIVE`, `PERM_STATUS`, `PERM_DT_CREATE`, `PERM_UID_CREATE`,`PERM_DT_LUPD`, `PERM_UID_LUPD`) VALUES ('PM033', 'N', 'CKT', NULL, 'M', NULL, NULL, 'CKT_MA_030400', 'Manage Rentals', 'Manage Rentals','Manage Rentals','R', '2021-04-14 11:08:00', '2999-12-31 23:59:59', 'A', '2021-04-14 11:08:00', 'SYS', '2021-04-14 11:08:00', 'SYS');
A36: PM034 | B36: N | C36: CKT | D36: NULL | E36: M | F36: NULL | G36: NULL | H36: CKT_MA_040000 | I36: Manage Contracts | J36: NULL | K36: NULL | L36: NULL | M36: Manage Contracts | N36: Manage Contracts | O36: R | P36: INSERT INTO `T_CORE_PERM_EX` (`PERM_ID`, `PERM_GROUP`, `PERM_APPS`, `PERM_MODULE`, `PERM_TYPE`, `PERM_SERVICE`, `PERM_SERVICE_URI`, `PERM_MENU`,`PERM_MENU_NAME`,`PERM_DESC`, `PERM_DESC_OTH`, `PERM_ACCESS`, `PERM_DT_ACTIVE`, `PERM_DT_DEACTIVE`, `PERM_STATUS`, `PERM_DT_CREATE`, `PERM_UID_CREATE`,`PERM_DT_LUPD`, `PERM_UID_LUPD`) | Q36: {=CONCATENATE(" VALUES ('",A36,"', '",B36,"', '",C36,"', ",IF(D36="NULL","NULL",CONCATENATE("'",D36,"'")),", '",E36,"', ",IFERROR(F36,NULL),", NULL, '",H36,"', '",I36,"', '",M36,"','",N36,"','",O36,"', '2021-04-14 11:08:00', '2999-12-31 23:59:59', 'A', '2021-04-14 11:08:00', 'SYS', '2021-04-14 11:08:00', 'SYS');")} -> VALUES ('PM034', 'N', 'CKT', NULL, 'M', NULL, NULL, 'CKT_MA_040000', 'Manage Contracts', 'Manage Contracts','Manage Contracts','R', '2021-04-14 11:08:00', '2999-12-31 23:59:59', 'A', '2021-04-14 11:08:00', 'SYS', '2021-04-14 11:08:00', 'SYS'); | R36: =CONCATENATE(P36,Q36) -> INSERT INTO `T_CORE_PERM_EX` (`PERM_ID`, `PERM_GROUP`, `PERM_APPS`, `PERM_MODULE`, `PERM_TYPE`, `PERM_SERVICE`, `PERM_SERVICE_URI`, `PERM_MENU`,`PERM_MENU_NAME`,`PERM_DESC`, `PERM_DESC_OTH`, `PERM_ACCESS`, `PERM_DT_ACTIVE`, `PERM_DT_DEACTIVE`, `PERM_STATUS`, `PERM_DT_CREATE`, `PERM_UID_CREATE`,`PERM_DT_LUPD`, `PERM_UID_LUPD`) VALUES ('PM034', 'N', 'CKT', NULL, 'M', NULL, NULL, 'CKT_MA_040000', 'Manage Contracts', 'Manage Contracts','Manage Contracts','R', '2021-04-14 11:08:00', '2999-12-31 23:59:59', 'A', '2021-04-14 11:08:00', 'SYS', '2021-04-14 11:08:00', 'SYS');
A37: PM036 | B37: N | C37: CKT | D37: NULL | E37: M | F37: NULL | G37: NULL | H37: CKT_MA_030500 | I37: Manage Rate Table | J37: NULL | K37: NULL | L37: NULL | M37: Manage Rate Table | N37: Manage Rate Table | O37: R | P37: INSERT INTO `T_CORE_PERM_EX` (`PERM_ID`, `PERM_GROUP`, `PERM_APPS`, `PERM_MODULE`, `PERM_TYPE`, `PERM_SERVICE`, `PERM_SERVICE_URI`, `PERM_MENU`,`PERM_MENU_NAME`,`PERM_DESC`, `PERM_DESC_OTH`, `PERM_ACCESS`, `PERM_DT_ACTIVE`, `PERM_DT_DEACTIVE`, `PERM_STATUS`, `PERM_DT_CREATE`, `PERM_UID_CREATE`,`PERM_DT_LUPD`, `PERM_UID_LUPD`) | Q37: {=CONCATENATE(" VALUES ('",A37,"', '",B37,"', '",C37,"', ",IF(D37="NULL","NULL",CONCATENATE("'",D37,"'")),", '",E37,"', ",IFERROR(F37,NULL),", NULL, '",H37,"', '",I37,"', '",M37,"','",N37,"','",O37,"', '2021-04-14 11:08:00', '2999-12-31 23:59:59', 'A', '2021-04-14 11:08:00', 'SYS', '2021-04-14 11:08:00', 'SYS');")} -> VALUES ('PM036', 'N', 'CKT', NULL, 'M', NULL, NULL, 'CKT_MA_030500', 'Manage Rate Table', 'Manage Rate Table','Manage Rate Table','R', '2021-04-14 11:08:00', '2999-12-31 23:59:59', 'A', '2021-04-14 11:08:00', 'SYS', '2021-04-14 11:08:00', 'SYS'); | R37: =CONCATENATE(P37,Q37) -> INSERT INTO `T_CORE_PERM_EX` (`PERM_ID`, `PERM_GROUP`, `PERM_APPS`, `PERM_MODULE`, `PERM_TYPE`, `PERM_SERVICE`, `PERM_SERVICE_URI`, `PERM_MENU`,`PERM_MENU_NAME`,`PERM_DESC`, `PERM_DESC_OTH`, `PERM_ACCESS`, `PERM_DT_ACTIVE`, `PERM_DT_DEACTIVE`, `PERM_STATUS`, `PERM_DT_CREATE`, `PERM_UID_CREATE`,`PERM_DT_LUPD`, `PERM_UID_LUPD`) VALUES ('PM036', 'N', 'CKT', NULL, 'M', NULL, NULL, 'CKT_MA_030500', 'Manage Rate Table', 'Manage Rate Table','Manage Rate Table','R', '2021-04-14 11:08:00', '2999-12-31 23:59:59', 'A', '2021-04-14 11:08:00', 'SYS', '2021-04-14 11:08:00', 'SYS');
A38: PM035 | B38: N | C38: CKT | D38: NULL | E38: M | F38: NULL | G38: NULL | H38: CKT_MH_080000 | I38: Help | J38: NULL | K38: NULL | L38: NULL | M38: Help | N38: Help | O38: R | P38: INSERT INTO `T_CORE_PERM_EX` (`PERM_ID`, `PERM_GROUP`, `PERM_APPS`, `PERM_MODULE`, `PERM_TYPE`, `PERM_SERVICE`, `PERM_SERVICE_URI`, `PERM_MENU`,`PERM_MENU_NAME`,`PERM_DESC`, `PERM_DESC_OTH`, `PERM_ACCESS`, `PERM_DT_ACTIVE`, `PERM_DT_DEACTIVE`, `PERM_STATUS`, `PERM_DT_CREATE`, `PERM_UID_CREATE`,`PERM_DT_LUPD`, `PERM_UID_LUPD`) | Q38: {=CONCATENATE(" VALUES ('",A38,"', '",B38,"', '",C38,"', ",IF(D38="NULL","NULL",CONCATENATE("'",D38,"'")),", '",E38,"', ",IFERROR(F38,NULL),", NULL, '",H38,"', '",I38,"', '",M38,"','",N38,"','",O38,"', '2021-04-14 11:08:00', '2999-12-31 23:59:59', 'A', '2021-04-14 11:08:00', 'SYS', '2021-04-14 11:08:00', 'SYS');")} -> VALUES ('PM035', 'N', 'CKT', NULL, 'M', NULL, NULL, 'CKT_MH_080000', 'Help', 'Help','Help','R', '2021-04-14 11:08:00', '2999-12-31 23:59:59', 'A', '2021-04-14 11:08:00', 'SYS', '2021-04-14 11:08:00', 'SYS'); | R38: =CONCATENATE(P38,Q38) -> INSERT INTO `T_CORE_PERM_EX` (`PERM_ID`, `PERM_GROUP`, `PERM_APPS`, `PERM_MODULE`, `PERM_TYPE`, `PERM_SERVICE`, `PERM_SERVICE_URI`, `PERM_MENU`,`PERM_MENU_NAME`,`PERM_DESC`, `PERM_DESC_OTH`, `PERM_ACCESS`, `PERM_DT_ACTIVE`, `PERM_DT_DEACTIVE`, `PERM_STATUS`, `PERM_DT_CREATE`, `PERM_UID_CREATE`,`PERM_DT_LUPD`, `PERM_UID_LUPD`) VALUES ('PM035', 'N', 'CKT', NULL, 'M', NULL, NULL, 'CKT_MH_080000', 'Help', 'Help','Help','R', '2021-04-14 11:08:00', '2999-12-31 23:59:59', 'A', '2021-04-14 11:08:00', 'SYS', '2021-04-14 11:08:00', 'SYS');

Sheet T_CORE_RPT_COLUMN
A1: REPORT ID | B1: ACCN TYPE | C1: TBL_IDX | D1: IDX | E1: DBCOL | F1: CAPTION | G1: COLTYPE | H1: NUM_PRECISION | I1: NUM_NO_ZERO | J1: NUM_FORMAT | K1: NUM_NEG_ONLY | L1: NUM_POS_ONLY | M1: NUM_NOSIGN | N1: SUBTOTAL | O1: IN_TOTAL | P1: WIDTH | Q1: ROWIDX | R1: COL_IDX | S1: SHOW | T1: SORT IDX
A2: RPT_ALL_JOBS_TO | B2: ACC_TYPE_TO | C2: 0 | D2: 1 | E2: JOB_ID | F2: Truck Job ID | G2: T | H2: 0 | I2: N | J2: 0 | K2: N | L2: N | M2: N | N2: N | O2: N | P2: 50 | Q2: 1 | R2: 2 | S2: Y | T2: -1 | U2: =CONCATENATE("INSERT INTO `T_CORE_RPT_COLUMN`(`RPTCO_RPTID`,`RPTCO_ACCN_TYPE`,`RPTCO_TBL_IDX`,`RPTCO_IDX`,`RPTCO_DBCOL`,`RPTCO_CAPTION`,`RPTCO_COLTYPE`,`RPTCO_NUM_PRECISION`,`RPTCO_NUM_NO_ZERO`,") -> INSERT INTO `T_CORE_RPT_COLUMN`(`RPTCO_RPTID`,`RPTCO_ACCN_TYPE`,`RPTCO_TBL_IDX`,`RPTCO_IDX`,`RPTCO_DBCOL`,`RPTCO_CAPTION`,`RPTCO_COLTYPE`,`RPTCO_NUM_PRECISION`,`RPTCO_NUM_NO_ZERO`, | V2: =CONCATENATE("`RPTCO_NUM_ACCFORMAT`,`RPTCO_NUM_NEG_ONLY`,`RPTCO_NUM_POS_ONLY`,`RPTCO_NUM_NOSIGN`,`RPTCO_IN_SUBTOTAL`,`RPTCO_IN_TOTAL`,`RPTCO_WIDTH`,`RPTCO_ROW_IDX`,`RPTCO_COL_IDX`,`RPTCO_SHOW`,`RPTCO_SORT_IDX`) ") -> `RPTCO_NUM_ACCFORMAT`,`RPTCO_NUM_NEG_ONLY`,`RPTCO_NUM_POS_ONLY`,`RPTCO_NUM_NOSIGN`,`RPTCO_IN_SUBTOTAL`,`RPTCO_IN_TOTAL`,`RPTCO_WIDTH`,`RPTCO_ROW_IDX`,`RPTCO_COL_IDX`,`RPTCO_SHOW`,`RPTCO_SORT_IDX`) | W2: =CONCATENATE(" VALUES('",A2,"','",B2,"','",C2,"','",D2,"','",E2,"','",F2,"','",G2,"','",H2,"','",I2,"','",J2,"','",K2,"','",L2,"','",M2,"','",N2,"','",O2,"','",P2,"','",Q2,"','",R2,"','",S2,"','",T2,"');") -> VALUES('RPT_ALL_JOBS_TO','ACC_TYPE_TO','0','1','JOB_ID','Truck Job ID','T','0','N','0','N','N','N','N','N','50','1','2','Y','-1'); | X2: =CONCATENATE(U2,V2,W2) -> INSERT INTO `T_CORE_RPT_COLUMN`(`RPTCO_RPTID`,`RPTCO_ACCN_TYPE`,`RPTCO_TBL_IDX`,`RPTCO_IDX`,`RPTCO_DBCOL`,`RPTCO_CAPTION`,`RPTCO_COLTYPE`,`RPTCO_NUM_PRECISION`,`RPTCO_NUM_NO_ZERO`,`RPTCO_NUM_ACCFORMAT`,`RPTCO_NUM_NEG_ONLY`,`RPTCO_NUM_POS_ONLY`,`RPTCO_NUM_NOSIGN`,`RPTCO_IN_SUBTOTAL`,`RPTCO_IN_TOTAL`,`RPTCO_WIDTH`,`RPTCO_ROW_IDX`,`RPTCO_COL_IDX`,`RPTCO_SHOW`,`RPTCO_SORT_IDX`) VALUES('RPT_ALL_JOBS_TO','ACC_TYPE_TO','0','1','JOB_ID','Truck Job ID','T','0','N','0','N','N','N','N','N','50','1','2','Y','-1');
A3: RPT_ALL_JOBS_TO | B3: ACC_TYPE_TO | C3: 0 | D3: 2 | E3: SHIPMENT_TYPE | F3: Shipment Type | G3: T | H3: 0 | I3: N | J3: 0 | K3: N | L3: N | M3: N | N3: N | O3: N | P3: 50 | Q3: 1 | R3: 2 | S3: Y | T3: -1 | U3: =CONCATENATE("INSERT INTO `T_CORE_RPT_COLUMN`(`RPTCO_RPTID`,`RPTCO_ACCN_TYPE`,`RPTCO_TBL_IDX`,`RPTCO_IDX`,`RPTCO_DBCOL`,`RPTCO_CAPTION`,`RPTCO_COLTYPE`,`RPTCO_NUM_PRECISION`,`RPTCO_NUM_NO_ZERO`,") -> INSERT INTO `T_CORE_RPT_COLUMN`(`RPTCO_RPTID`,`RPTCO_ACCN_TYPE`,`RPTCO_TBL_IDX`,`RPTCO_IDX`,`RPTCO_DBCOL`,`RPTCO_CAPTION`,`RPTCO_COLTYPE`,`RPTCO_NUM_PRECISION`,`RPTCO_NUM_NO_ZERO`, | V3: =CONCATENATE("`RPTCO_NUM_ACCFORMAT`,`RPTCO_NUM_NEG_ONLY`,`RPTCO_NUM_POS_ONLY`,`RPTCO_NUM_NOSIGN`,`RPTCO_IN_SUBTOTAL`,`RPTCO_IN_TOTAL`,`RPTCO_WIDTH`,`RPTCO_ROW_IDX`,`RPTCO_COL_IDX`,`RPTCO_SHOW`,`RPTCO_SORT_IDX`) ") -> `RPTCO_NUM_ACCFORMAT`,`RPTCO_NUM_NEG_ONLY`,`RPTCO_NUM_POS_ONLY`,`RPTCO_NUM_NOSIGN`,`RPTCO_IN_SUBTOTAL`,`RPTCO_IN_TOTAL`,`RPTCO_WIDTH`,`RPTCO_ROW_IDX`,`RPTCO_COL_IDX`,`RPTCO_SHOW`,`RPTCO_SORT_IDX`) | W3: =CONCATENATE(" VALUES('",A3,"','",B3,"','",C3,"','",D3,"','",E3,"','",F3,"','",G3,"','",H3,"','",I3,"','",J3,"','",K3,"','",L3,"','",M3,"','",N3,"','",O3,"','",P3,"','",Q3,"','",R3,"','",S3,"','",T3,"');") -> VALUES('RPT_ALL_JOBS_TO','ACC_TYPE_TO','0','2','SHIPMENT_TYPE','Shipment Type','T','0','N','0','N','N','N','N','N','50','1','2','Y','-1'); | X3: =CONCATENATE(U3,V3,W3) -> INSERT INTO `T_CORE_RPT_COLUMN`(`RPTCO_RPTID`,`RPTCO_ACCN_TYPE`,`RPTCO_TBL_IDX`,`RPTCO_IDX`,`RPTCO_DBCOL`,`RPTCO_CAPTION`,`RPTCO_COLTYPE`,`RPTCO_NUM_PRECISION`,`RPTCO_NUM_NO_ZERO`,`RPTCO_NUM_ACCFORMAT`,`RPTCO_NUM_NEG_ONLY`,`RPTCO_NUM_POS_ONLY`,`RPTCO_NUM_NOSIGN`,`RPTCO_IN_SUBTOTAL`,`RPTCO_IN_TOTAL`,`RPTCO_WIDTH`,`RPTCO_ROW_IDX`,`RPTCO_COL_IDX`,`RPTCO_SHOW`,`RPTCO_SORT_IDX`) VALUES('RPT_ALL_JOBS_TO','ACC_TYPE_TO','0','2','SHIPMENT_TYPE','Shipment Type','T','0','N','0','N','N','N','N','N','50','1','2','Y','-1');
A4: RPT_ALL_JOBS_TO | B4: ACC_TYPE_TO | C4: 0 | D4: 3 | E4: JOB_DT_BOOKING | F4: Booking Date | G4: D | H4: 0 | I4: N | J4: 0 | K4: N | L4: N | M4: N | N4: N | O4: N | P4: 50 | Q4: 1 | R4: 2 | S4: Y | T4: -1 | U4: =CONCATENATE("INSERT INTO `T_CORE_RPT_COLUMN`(`RPTCO_RPTID`,`RPTCO_ACCN_TYPE`,`RPTCO_TBL_IDX`,`RPTCO_IDX`,`RPTCO_DBCOL`,`RPTCO_CAPTION`,`RPTCO_COLTYPE`,`RPTCO_NUM_PRECISION`,`RPTCO_NUM_NO_ZERO`,") -> INSERT INTO `T_CORE_RPT_COLUMN`(`RPTCO_RPTID`,`RPTCO_ACCN_TYPE`,`RPTCO_TBL_IDX`,`RPTCO_IDX`,`RPTCO_DBCOL`,`RPTCO_CAPTION`,`RPTCO_COLTYPE`,`RPTCO_NUM_PRECISION`,`RPTCO_NUM_NO_ZERO`, | V4: =CONCATENATE("`RPTCO_NUM_ACCFORMAT`,`RPTCO_NUM_NEG_ONLY`,`RPTCO_NUM_POS_ONLY`,`RPTCO_NUM_NOSIGN`,`RPTCO_IN_SUBTOTAL`,`RPTCO_IN_TOTAL`,`RPTCO_WIDTH`,`RPTCO_ROW_IDX`,`RPTCO_COL_IDX`,`RPTCO_SHOW`,`RPTCO_SORT_IDX`) ") -> `RPTCO_NUM_ACCFORMAT`,`RPTCO_NUM_NEG_ONLY`,`RPTCO_NUM_POS_ONLY`,`RPTCO_NUM_NOSIGN`,`RPTCO_IN_SUBTOTAL`,`RPTCO_IN_TOTAL`,`RPTCO_WIDTH`,`RPTCO_ROW_IDX`,`RPTCO_COL_IDX`,`RPTCO_SHOW`,`RPTCO_SORT_IDX`) | W4: =CONCATENATE(" VALUES('",A4,"','",B4,"','",C4,"','",D4,"','",E4,"','",F4,"','",G4,"','",H4,"','",I4,"','",J4,"','",K4,"','",L4,"','",M4,"','",N4,"','",O4,"','",P4,"','",Q4,"','",R4,"','",S4,"','",T4,"');") -> VALUES('RPT_ALL_JOBS_TO','ACC_TYPE_TO','0','3','JOB_DT_BOOKING','Booking Date','D','0','N','0','N','N','N','N','N','50','1','2','Y','-1'); | X4: =CONCATENATE(U4,V4,W4) -> INSERT INTO `T_CORE_RPT_COLUMN`(`RPTCO_RPTID`,`RPTCO_ACCN_TYPE`,`RPTCO_TBL_IDX`,`RPTCO_IDX`,`RPTCO_DBCOL`,`RPTCO_CAPTION`,`RPTCO_COLTYPE`,`RPTCO_NUM_PRECISION`,`RPTCO_NUM_NO_ZERO`,`RPTCO_NUM_ACCFORMAT`,`RPTCO_NUM_NEG_ONLY`,`RPTCO_NUM_POS_ONLY`,`RPTCO_NUM_NOSIGN`,`RPTCO_IN_SUBTOTAL`,`RPTCO_IN_TOTAL`,`RPTCO_WIDTH`,`RPTCO_ROW_IDX`,`RPTCO_COL_IDX`,`RPTCO_SHOW`,`RPTCO_SORT_IDX`) VALUES('RPT_ALL_JOBS_TO','ACC_TYPE_TO','0','3','JOB_DT_BOOKING','Booking Date','D','0','N','0','N','N','N','N','N','50','1','2','Y','-1');
A5: RPT_ALL_JOBS_TO | B5: ACC_TYPE_TO | C5: 0 | D5: 4 | E5: JOB_STATE | F5: Job State | G5: T | H5: 0 | I5: N | J5: 0 | K5: N | L5: N | M5: N | N5: N | O5: N | P5: 50 | Q5: 1 | R5: 2 | S5: Y | T5: -1 | U5: =CONCATENATE("INSERT INTO `T_CORE_RPT_COLUMN`(`RPTCO_RPTID`,`RPTCO_ACCN_TYPE`,`RPTCO_TBL_IDX`,`RPTCO_IDX`,`RPTCO_DBCOL`,`RPTCO_CAPTION`,`RPTCO_COLTYPE`,`RPTCO_NUM_PRECISION`,`RPTCO_NUM_NO_ZERO`,") -> INSERT INTO `T_CORE_RPT_COLUMN`(`RPTCO_RPTID`,`RPTCO_ACCN_TYPE`,`RPTCO_TBL_IDX`,`RPTCO_IDX`,`RPTCO_DBCOL`,`RPTCO_CAPTION`,`RPTCO_COLTYPE`,`RPTCO_NUM_PRECISION`,`RPTCO_NUM_NO_ZERO`, | V5: =CONCATENATE("`RPTCO_NUM_ACCFORMAT`,`RPTCO_NUM_NEG_ONLY`,`RPTCO_NUM_POS_ONLY`,`RPTCO_NUM_NOSIGN`,`RPTCO_IN_SUBTOTAL`,`RPTCO_IN_TOTAL`,`RPTCO_WIDTH`,`RPTCO_ROW_IDX`,`RPTCO_COL_IDX`,`RPTCO_SHOW`,`RPTCO_SORT_IDX`) ") -> `RPTCO_NUM_ACCFORMAT`,`RPTCO_NUM_NEG_ONLY`,`RPTCO_NUM_POS_ONLY`,`RPTCO_NUM_NOSIGN`,`RPTCO_IN_SUBTOTAL`,`RPTCO_IN_TOTAL`,`RPTCO_WIDTH`,`RPTCO_ROW_IDX`,`RPTCO_COL_IDX`,`RPTCO_SHOW`,`RPTCO_SORT_IDX`) | W5: =CONCATENATE(" VALUES('",A5,"','",B5,"','",C5,"','",D5,"','",E5,"','",F5,"','",G5,"','",H5,"','",I5,"','",J5,"','",K5,"','",L5,"','",M5,"','",N5,"','",O5,"','",P5,"','",Q5,"','",R5,"','",S5,"','",T5,"');") -> VALUES('RPT_ALL_JOBS_TO','ACC_TYPE_TO','0','4','JOB_STATE','Job State','T','0','N','0','N','N','N','N','N','50','1','2','Y','-1'); | X5: =CONCATENATE(U5,V5,W5) -> INSERT INTO `T_CORE_RPT_COLUMN`(`RPTCO_RPTID`,`RPTCO_ACCN_TYPE`,`RPTCO_TBL_IDX`,`RPTCO_IDX`,`RPTCO_DBCOL`,`RPTCO_CAPTION`,`RPTCO_COLTYPE`,`RPTCO_NUM_PRECISION`,`RPTCO_NUM_NO_ZERO`,`RPTCO_NUM_ACCFORMAT`,`RPTCO_NUM_NEG_ONLY`,`RPTCO_NUM_POS_ONLY`,`RPTCO_NUM_NOSIGN`,`RPTCO_IN_SUBTOTAL`,`RPTCO_IN_TOTAL`,`RPTCO_WIDTH`,`RPTCO_ROW_IDX`,`RPTCO_COL_IDX`,`RPTCO_SHOW`,`RPTCO_SORT_IDX`) VALUES('RPT_ALL_JOBS_TO','ACC_TYPE_TO','0','4','JOB_STATE','Job State','T','0','N','0','N','N','N','N','N','50','1','2','Y','-1');
A6: RPT_ALL_JOBS_TO | B6: ACC_TYPE_TO | C6: 0 | D6: 5 | E6: CO_FF_ACCN | F6: Cargo Owner | G6: T | H6: 0 | I6: N | J6: 0 | K6: N | L6: N | M6: N | N6: N | O6: N | P6: 50 | Q6: 1 | R6: 2 | S6: Y | T6: -1 | U6: =CONCATENATE("INSERT INTO `T_CORE_RPT_COLUMN`(`RPTCO_RPTID`,`RPTCO_ACCN_TYPE`,`RPTCO_TBL_IDX`,`RPTCO_IDX`,`RPTCO_DBCOL`,`RPTCO_CAPTION`,`RPTCO_COLTYPE`,`RPTCO_NUM_PRECISION`,`RPTCO_NUM_NO_ZERO`,") -> INSERT INTO `T_CORE_RPT_COLUMN`(`RPTCO_RPTID`,`RPTCO_ACCN_TYPE`,`RPTCO_TBL_IDX`,`RPTCO_IDX`,`RPTCO_DBCOL`,`RPTCO_CAPTION`,`RPTCO_COLTYPE`,`RPTCO_NUM_PRECISION`,`RPTCO_NUM_NO_ZERO`, | V6: =CONCATENATE("`RPTCO_NUM_ACCFORMAT`,`RPTCO_NUM_NEG_ONLY`,`RPTCO_NUM_POS_ONLY`,`RPTCO_NUM_NOSIGN`,`RPTCO_IN_SUBTOTAL`,`RPTCO_IN_TOTAL`,`RPTCO_WIDTH`,`RPTCO_ROW_IDX`,`RPTCO_COL_IDX`,`RPTCO_SHOW`,`RPTCO_SORT_IDX`) ") -> `RPTCO_NUM_ACCFORMAT`,`RPTCO_NUM_NEG_ONLY`,`RPTCO_NUM_POS_ONLY`,`RPTCO_NUM_NOSIGN`,`RPTCO_IN_SUBTOTAL`,`RPTCO_IN_TOTAL`,`RPTCO_WIDTH`,`RPTCO_ROW_IDX`,`RPTCO_COL_IDX`,`RPTCO_SHOW`,`RPTCO_SORT_IDX`) | W6: =CONCATENATE(" VALUES('",A6,"','",B6,"','",C6,"','",D6,"','",E6,"','",F6,"','",G6,"','",H6,"','",I6,"','",J6,"','",K6,"','",L6,"','",M6,"','",N6,"','",O6,"','",P6,"','",Q6,"','",R6,"','",S6,"','",T6,"');") -> VALUES('RPT_ALL_JOBS_TO','ACC_TYPE_TO','0','5','CO_FF_ACCN','Cargo Owner','T','0','N','0','N','N','N','N','N','50','1','2','Y','-1'); | X6: =CONCATENATE(U6,V6,W6) -> INSERT INTO `T_CORE_RPT_COLUMN`(`RPTCO_RPTID`,`RPTCO_ACCN_TYPE`,`RPTCO_TBL_IDX`,`RPTCO_IDX`,`RPTCO_DBCOL`,`RPTCO_CAPTION`,`RPTCO_COLTYPE`,`RPTCO_NUM_PRECISION`,`RPTCO_NUM_NO_ZERO`,`RPTCO_NUM_ACCFORMAT`,`RPTCO_NUM_NEG_ONLY`,`RPTCO_NUM_POS_ONLY`,`RPTCO_NUM_NOSIGN`,`RPTCO_IN_SUBTOTAL`,`RPTCO_IN_TOTAL`,`RPTCO_WIDTH`,`RPTCO_ROW_IDX`,`RPTCO_COL_IDX`,`RPTCO_SHOW`,`RPTCO_SORT_IDX`) VALUES('RPT_ALL_JOBS_TO','ACC_TYPE_TO','0','5','CO_FF_ACCN','Cargo Owner','T','0','N','0','N','N','N','N','N','50','1','2','Y','-1');
A7: RPT_ALL_JOBS_TO | B7: ACC_TYPE_TO | C7: 0 | D7: 6 | E7: TO_ACCN | F7: Trucker Operator | G7: T | H7: 0 | I7: N | J7: 0 | K7: N | L7: N | M7: N | N7: N | O7: N | P7: 50 | Q7: 1 | R7: 2 | S7: Y | T7: -1 | U7: =CONCATENATE("INSERT INTO `T_CORE_RPT_COLUMN`(`RPTCO_RPTID`,`RPTCO_ACCN_TYPE`,`RPTCO_TBL_IDX`,`RPTCO_IDX`,`RPTCO_DBCOL`,`RPTCO_CAPTION`,`RPTCO_COLTYPE`,`RPTCO_NUM_PRECISION`,`RPTCO_NUM_NO_ZERO`,") -> INSERT INTO `T_CORE_RPT_COLUMN`(`RPTCO_RPTID`,`RPTCO_ACCN_TYPE`,`RPTCO_TBL_IDX`,`RPTCO_IDX`,`RPTCO_DBCOL`,`RPTCO_CAPTION`,`RPTCO_COLTYPE`,`RPTCO_NUM_PRECISION`,`RPTCO_NUM_NO_ZERO`, | V7: =CONCATENATE("`RPTCO_NUM_ACCFORMAT`,`RPTCO_NUM_NEG_ONLY`,`RPTCO_NUM_POS_ONLY`,`RPTCO_NUM_NOSIGN`,`RPTCO_IN_SUBTOTAL`,`RPTCO_IN_TOTAL`,`RPTCO_WIDTH`,`RPTCO_ROW_IDX`,`RPTCO_COL_IDX`,`RPTCO_SHOW`,`RPTCO_SORT_IDX`) ") -> `RPTCO_NUM_ACCFORMAT`,`RPTCO_NUM_NEG_ONLY`,`RPTCO_NUM_POS_ONLY`,`RPTCO_NUM_NOSIGN`,`RPTCO_IN_SUBTOTAL`,`RPTCO_IN_TOTAL`,`RPTCO_WIDTH`,`RPTCO_ROW_IDX`,`RPTCO_COL_IDX`,`RPTCO_SHOW`,`RPTCO_SORT_IDX`) | W7: =CONCATENATE(" VALUES('",A7,"','",B7,"','",C7,"','",D7,"','",E7,"','",F7,"','",G7,"','",H7,"','",I7,"','",J7,"','",K7,"','",L7,"','",M7,"','",N7,"','",O7,"','",P7,"','",Q7,"','",R7,"','",S7,"','",T7,"');") -> VALUES('RPT_ALL_JOBS_TO','ACC_TYPE_TO','0','6','TO_ACCN','Trucker Operator','T','0','N','0','N','N','N','N','N','50','1','2','Y','-1'); | X7: =CONCATENATE(U7,V7,W7) -> INSERT INTO `T_CORE_RPT_COLUMN`(`RPTCO_RPTID`,`RPTCO_ACCN_TYPE`,`RPTCO_TBL_IDX`,`RPTCO_IDX`,`RPTCO_DBCOL`,`RPTCO_CAPTION`,`RPTCO_COLTYPE`,`RPTCO_NUM_PRECISION`,`RPTCO_NUM_NO_ZERO`,`RPTCO_NUM_ACCFORMAT`,`RPTCO_NUM_NEG_ONLY`,`RPTCO_NUM_POS_ONLY`,`RPTCO_NUM_NOSIGN`,`RPTCO_IN_SUBTOTAL`,`RPTCO_IN_TOTAL`,`RPTCO_WIDTH`,`RPTCO_ROW_IDX`,`RPTCO_COL_IDX`,`RPTCO_SHOW`,`RPTCO_SORT_IDX`) VALUES('RPT_ALL_JOBS_TO','ACC_TYPE_TO','0','6','TO_ACCN','Trucker Operator','T','0','N','0','N','N','N','N','N','50','1','2','Y','-1');
A8: RPT_ALL_JOBS_TO | B8: ACC_TYPE_TO | C8: 0 | D8: 7 | E8: TLOC_LOC_NAME_FROM | F8: Trip From | G8: T | H8: 0 | I8: N | J8: 0 | K8: N | L8: N | M8: N | N8: N | O8: N | P8: 50 | Q8: 1 | R8: 2 | S8: Y | T8: -1 | U8: =CONCATENATE("INSERT INTO `T_CORE_RPT_COLUMN`(`RPTCO_RPTID`,`RPTCO_ACCN_TYPE`,`RPTCO_TBL_IDX`,`RPTCO_IDX`,`RPTCO_DBCOL`,`RPTCO_CAPTION`,`RPTCO_COLTYPE`,`RPTCO_NUM_PRECISION`,`RPTCO_NUM_NO_ZERO`,") -> INSERT INTO `T_CORE_RPT_COLUMN`(`RPTCO_RPTID`,`RPTCO_ACCN_TYPE`,`RPTCO_TBL_IDX`,`RPTCO_IDX`,`RPTCO_DBCOL`,`RPTCO_CAPTION`,`RPTCO_COLTYPE`,`RPTCO_NUM_PRECISION`,`RPTCO_NUM_NO_ZERO`, | V8: =CONCATENATE("`RPTCO_NUM_ACCFORMAT`,`RPTCO_NUM_NEG_ONLY`,`RPTCO_NUM_POS_ONLY`,`RPTCO_NUM_NOSIGN`,`RPTCO_IN_SUBTOTAL`,`RPTCO_IN_TOTAL`,`RPTCO_WIDTH`,`RPTCO_ROW_IDX`,`RPTCO_COL_IDX`,`RPTCO_SHOW`,`RPTCO_SORT_IDX`) ") -> `RPTCO_NUM_ACCFORMAT`,`RPTCO_NUM_NEG_ONLY`,`RPTCO_NUM_POS_ONLY`,`RPTCO_NUM_NOSIGN`,`RPTCO_IN_SUBTOTAL`,`RPTCO_IN_TOTAL`,`RPTCO_WIDTH`,`RPTCO_ROW_IDX`,`RPTCO_COL_IDX`,`RPTCO_SHOW`,`RPTCO_SORT_IDX`) | W8: =CONCATENATE(" VALUES('",A8,"','",B8,"','",C8,"','",D8,"','",E8,"','",F8,"','",G8,"','",H8,"','",I8,"','",J8,"','",K8,"','",L8,"','",M8,"','",N8,"','",O8,"','",P8,"','",Q8,"','",R8,"','",S8,"','",T8,"');") -> VALUES('RPT_ALL_JOBS_TO','ACC_TYPE_TO','0','7','TLOC_LOC_NAME_FROM','Trip From','T','0','N','0','N','N','N','N','N','50','1','2','Y','-1'); | X8: =CONCATENATE(U8,V8,W8) -> INSERT INTO `T_CORE_RPT_COLUMN`(`RPTCO_RPTID`,`RPTCO_ACCN_TYPE`,`RPTCO_TBL_IDX`,`RPTCO_IDX`,`RPTCO_DBCOL`,`RPTCO_CAPTION`,`RPTCO_COLTYPE`,`RPTCO_NUM_PRECISION`,`RPTCO_NUM_NO_ZERO`,`RPTCO_NUM_ACCFORMAT`,`RPTCO_NUM_NEG_ONLY`,`RPTCO_NUM_POS_ONLY`,`RPTCO_NUM_NOSIGN`,`RPTCO_IN_SUBTOTAL`,`RPTCO_IN_TOTAL`,`RPTCO_WIDTH`,`RPTCO_ROW_IDX`,`RPTCO_COL_IDX`,`RPTCO_SHOW`,`RPTCO_SORT_IDX`) VALUES('RPT_ALL_JOBS_TO','ACC_TYPE_TO','0','7','TLOC_LOC_NAME_FROM','Trip From','T','0','N','0','N','N','N','N','N','50','1','2','Y','-1');
A9: RPT_ALL_JOBS_TO | B9: ACC_TYPE_TO | C9: 0 | D9: 8 | E9: TLOC_LOC_NAME_TO | F9: Trip To | G9: T | H9: 0 | I9: N | J9: 0 | K9: N | L9: N | M9: N | N9: N | O9: N | P9: 50 | Q9: 1 | R9: 2 | S9: Y | T9: -1 | U9: =CONCATENATE("INSERT INTO `T_CORE_RPT_COLUMN`(`RPTCO_RPTID`,`RPTCO_ACCN_TYPE`,`RPTCO_TBL_IDX`,`RPTCO_IDX`,`RPTCO_DBCOL`,`RPTCO_CAPTION`,`RPTCO_COLTYPE`,`RPTCO_NUM_PRECISION`,`RPTCO_NUM_NO_ZERO`,") -> INSERT INTO `T_CORE_RPT_COLUMN`(`RPTCO_RPTID`,`RPTCO_ACCN_TYPE`,`RPTCO_TBL_IDX`,`RPTCO_IDX`,`RPTCO_DBCOL`,`RPTCO_CAPTION`,`RPTCO_COLTYPE`,`RPTCO_NUM_PRECISION`,`RPTCO_NUM_NO_ZERO`, | V9: =CONCATENATE("`RPTCO_NUM_ACCFORMAT`,`RPTCO_NUM_NEG_ONLY`,`RPTCO_NUM_POS_ONLY`,`RPTCO_NUM_NOSIGN`,`RPTCO_IN_SUBTOTAL`,`RPTCO_IN_TOTAL`,`RPTCO_WIDTH`,`RPTCO_ROW_IDX`,`RPTCO_COL_IDX`,`RPTCO_SHOW`,`RPTCO_SORT_IDX`) ") -> `RPTCO_NUM_ACCFORMAT`,`RPTCO_NUM_NEG_ONLY`,`RPTCO_NUM_POS_ONLY`,`RPTCO_NUM_NOSIGN`,`RPTCO_IN_SUBTOTAL`,`RPTCO_IN_TOTAL`,`RPTCO_WIDTH`,`RPTCO_ROW_IDX`,`RPTCO_COL_IDX`,`RPTCO_SHOW`,`RPTCO_SORT_IDX`) | W9: =CONCATENATE(" VALUES('",A9,"','",B9,"','",C9,"','",D9,"','",E9,"','",F9,"','",G9,"','",H9,"','",I9,"','",J9,"','",K9,"','",L9,"','",M9,"','",N9,"','",O9,"','",P9,"','",Q9,"','",R9,"','",S9,"','",T9,"');") -> VALUES('RPT_ALL_JOBS_TO','ACC_TYPE_TO','0','8','TLOC_LOC_NAME_TO','Trip To','T','0','N','0','N','N','N','N','N','50','1','2','Y','-1'); | X9: =CONCATENATE(U9,V9,W9) -> INSERT INTO `T_CORE_RPT_COLUMN`(`RPTCO_RPTID`,`RPTCO_ACCN_TYPE`,`RPTCO_TBL_IDX`,`RPTCO_IDX`,`RPTCO_DBCOL`,`RPTCO_CAPTION`,`RPTCO_COLTYPE`,`RPTCO_NUM_PRECISION`,`RPTCO_NUM_NO_ZERO`,`RPTCO_NUM_ACCFORMAT`,`RPTCO_NUM_NEG_ONLY`,`RPTCO_NUM_POS_ONLY`,`RPTCO_NUM_NOSIGN`,`RPTCO_IN_SUBTOTAL`,`RPTCO_IN_TOTAL`,`RPTCO_WIDTH`,`RPTCO_ROW_IDX`,`RPTCO_COL_IDX`,`RPTCO_SHOW`,`RPTCO_SORT_IDX`) VALUES('RPT_ALL_JOBS_TO','ACC_TYPE_TO','0','8','TLOC_LOC_NAME_TO','Trip To','T','0','N','0','N','N','N','N','N','50','1','2','Y','-1');
A10: RPT_ALL_JOBS_TO | B10: ACC_TYPE_TO | C10: 0 | D10: 9 | E10: DRV_NAME | F10: Driver Name | G10: T | H10: 0 | I10: N | J10: 0 | K10: N | L10: N | M10: N | N10: N | O10: N | P10: 50 | Q10: 1 | R10: 2 | S10: Y | T10: -1 | U10: =CONCATENATE("INSERT INTO `T_CORE_RPT_COLUMN`(`RPTCO_RPTID`,`RPTCO_ACCN_TYPE`,`RPTCO_TBL_IDX`,`RPTCO_IDX`,`RPTCO_DBCOL`,`RPTCO_CAPTION`,`RPTCO_COLTYPE`,`RPTCO_NUM_PRECISION`,`RPTCO_NUM_NO_ZERO`,") -> INSERT INTO `T_CORE_RPT_COLUMN`(`RPTCO_RPTID`,`RPTCO_ACCN_TYPE`,`RPTCO_TBL_IDX`,`RPTCO_IDX`,`RPTCO_DBCOL`,`RPTCO_CAPTION`,`RPTCO_COLTYPE`,`RPTCO_NUM_PRECISION`,`RPTCO_NUM_NO_ZERO`, | V10: =CONCATENATE("`RPTCO_NUM_ACCFORMAT`,`RPTCO_NUM_NEG_ONLY`,`RPTCO_NUM_POS_ONLY`,`RPTCO_NUM_NOSIGN`,`RPTCO_IN_SUBTOTAL`,`RPTCO_IN_TOTAL`,`RPTCO_WIDTH`,`RPTCO_ROW_IDX`,`RPTCO_COL_IDX`,`RPTCO_SHOW`,`RPTCO_SORT_IDX`) ") -> `RPTCO_NUM_ACCFORMAT`,`RPTCO_NUM_NEG_ONLY`,`RPTCO_NUM_POS_ONLY`,`RPTCO_NUM_NOSIGN`,`RPTCO_IN_SUBTOTAL`,`RPTCO_IN_TOTAL`,`RPTCO_WIDTH`,`RPTCO_ROW_IDX`,`RPTCO_COL_IDX`,`RPTCO_SHOW`,`RPTCO_SORT_IDX`) | W10: =CONCATENATE(" VALUES('",A10,"','",B10,"','",C10,"','",D10,"','",E10,"','",F10,"','",G10,"','",H10,"','",I10,"','",J10,"','",K10,"','",L10,"','",M10,"','",N10,"','",O10,"','",P10,"','",Q10,"','",R10,"','",S10,"','",T10,"');") -> VALUES('RPT_ALL_JOBS_TO','ACC_TYPE_TO','0','9','DRV_NAME','Driver Name','T','0','N','0','N','N','N','N','N','50','1','2','Y','-1'); | X10: =CONCATENATE(U10,V10,W10) -> INSERT INTO `T_CORE_RPT_COLUMN`(`RPTCO_RPTID`,`RPTCO_ACCN_TYPE`,`RPTCO_TBL_IDX`,`RPTCO_IDX`,`RPTCO_DBCOL`,`RPTCO_CAPTION`,`RPTCO_COLTYPE`,`RPTCO_NUM_PRECISION`,`RPTCO_NUM_NO_ZERO`,`RPTCO_NUM_ACCFORMAT`,`RPTCO_NUM_NEG_ONLY`,`RPTCO_NUM_POS_ONLY`,`RPTCO_NUM_NOSIGN`,`RPTCO_IN_SUBTOTAL`,`RPTCO_IN_TOTAL`,`RPTCO_WIDTH`,`RPTCO_ROW_IDX`,`RPTCO_COL_IDX`,`RPTCO_SHOW`,`RPTCO_SORT_IDX`) VALUES('RPT_ALL_JOBS_TO','ACC_TYPE_TO','0','9','DRV_NAME','Driver Name','T','0','N','0','N','N','N','N','N','50','1','2','Y','-1');
A11: RPT_ALL_JOBS_TO | B11: ACC_TYPE_TO | C11: 0 | D11: 10 | E11: VH_PLATE_NO | F11: Truck Plate No. | G11: T | H11: 0 | I11: N | J11: 0 | K11: N | L11: N | M11: N | N11: N | O11: N | P11: 50 | Q11: 1 | R11: 2 | S11: Y | T11: -1 | U11: =CONCATENATE("INSERT INTO `T_CORE_RPT_COLUMN`(`RPTCO_RPTID`,`RPTCO_ACCN_TYPE`,`RPTCO_TBL_IDX`,`RPTCO_IDX`,`RPTCO_DBCOL`,`RPTCO_CAPTION`,`RPTCO_COLTYPE`,`RPTCO_NUM_PRECISION`,`RPTCO_NUM_NO_ZERO`,") -> INSERT INTO `T_CORE_RPT_COLUMN`(`RPTCO_RPTID`,`RPTCO_ACCN_TYPE`,`RPTCO_TBL_IDX`,`RPTCO_IDX`,`RPTCO_DBCOL`,`RPTCO_CAPTION`,`RPTCO_COLTYPE`,`RPTCO_NUM_PRECISION`,`RPTCO_NUM_NO_ZERO`, | V11: =CONCATENATE("`RPTCO_NUM_ACCFORMAT`,`RPTCO_NUM_NEG_ONLY`,`RPTCO_NUM_POS_ONLY`,`RPTCO_NUM_NOSIGN`,`RPTCO_IN_SUBTOTAL`,`RPTCO_IN_TOTAL`,`RPTCO_WIDTH`,`RPTCO_ROW_IDX`,`RPTCO_COL_IDX`,`RPTCO_SHOW`,`RPTCO_SORT_IDX`) ") -> `RPTCO_NUM_ACCFORMAT`,`RPTCO_NUM_NEG_ONLY`,`RPTCO_NUM_POS_ONLY`,`RPTCO_NUM_NOSIGN`,`RPTCO_IN_SUBTOTAL`,`RPTCO_IN_TOTAL`,`RPTCO_WIDTH`,`RPTCO_ROW_IDX`,`RPTCO_COL_IDX`,`RPTCO_SHOW`,`RPTCO_SORT_IDX`) | W11: =CONCATENATE(" VALUES('",A11,"','",B11,"','",C11,"','",D11,"','",E11,"','",F11,"','",G11,"','",H11,"','",I11,"','",J11,"','",K11,"','",L11,"','",M11,"','",N11,"','",O11,"','",P11,"','",Q11,"','",R11,"','",S11,"','",T11,"');") -> VALUES('RPT_ALL_JOBS_TO','ACC_TYPE_TO','0','10','VH_PLATE_NO','Truck Plate No.','T','0','N','0','N','N','N','N','N','50','1','2','Y','-1'); | X11: =CONCATENATE(U11,V11,W11) -> INSERT INTO `T_CORE_RPT_COLUMN`(`RPTCO_RPTID`,`RPTCO_ACCN_TYPE`,`RPTCO_TBL_IDX`,`RPTCO_IDX`,`RPTCO_DBCOL`,`RPTCO_CAPTION`,`RPTCO_COLTYPE`,`RPTCO_NUM_PRECISION`,`RPTCO_NUM_NO_ZERO`,`RPTCO_NUM_ACCFORMAT`,`RPTCO_NUM_NEG_ONLY`,`RPTCO_NUM_POS_ONLY`,`RPTCO_NUM_NOSIGN`,`RPTCO_IN_SUBTOTAL`,`RPTCO_IN_TOTAL`,`RPTCO_WIDTH`,`RPTCO_ROW_IDX`,`RPTCO_COL_IDX`,`RPTCO_SHOW`,`RPTCO_SORT_IDX`) VALUES('RPT_ALL_JOBS_TO','ACC_TYPE_TO','0','10','VH_PLATE_NO','Truck Plate No.','T','0','N','0','N','N','N','N','N','50','1','2','Y','-1');
A12: RPT_ALL_JOBS_TO | B12: ACC_TYPE_TO | C12: 0 | D12: 11 | E12: RCD_DT_SUBMIT | F12: Submitted Date | G12: D | H12: 0 | I12: N | J12: 0 | K12: N | L12: N | M12: N | N12: N | O12: N | P12: 50 | Q12: 1 | R12: 2 | S12: Y | T12: -1 | U12: =CONCATENATE("INSERT INTO `T_CORE_RPT_COLUMN`(`RPTCO_RPTID`,`RPTCO_ACCN_TYPE`,`RPTCO_TBL_IDX`,`RPTCO_IDX`,`RPTCO_DBCOL`,`RPTCO_CAPTION`,`RPTCO_COLTYPE`,`RPTCO_NUM_PRECISION`,`RPTCO_NUM_NO_ZERO`,") -> INSERT INTO `T_CORE_RPT_COLUMN`(`RPTCO_RPTID`,`RPTCO_ACCN_TYPE`,`RPTCO_TBL_IDX`,`RPTCO_IDX`,`RPTCO_DBCOL`,`RPTCO_CAPTION`,`RPTCO_COLTYPE`,`RPTCO_NUM_PRECISION`,`RPTCO_NUM_NO_ZERO`, | V12: =CONCATENATE("`RPTCO_NUM_ACCFORMAT`,`RPTCO_NUM_NEG_ONLY`,`RPTCO_NUM_POS_ONLY`,`RPTCO_NUM_NOSIGN`,`RPTCO_IN_SUBTOTAL`,`RPTCO_IN_TOTAL`,`RPTCO_WIDTH`,`RPTCO_ROW_IDX`,`RPTCO_COL_IDX`,`RPTCO_SHOW`,`RPTCO_SORT_IDX`) ") -> `RPTCO_NUM_ACCFORMAT`,`RPTCO_NUM_NEG_ONLY`,`RPTCO_NUM_POS_ONLY`,`RPTCO_NUM_NOSIGN`,`RPTCO_IN_SUBTOTAL`,`RPTCO_IN_TOTAL`,`RPTCO_WIDTH`,`RPTCO_ROW_IDX`,`RPTCO_COL_IDX`,`RPTCO_SHOW`,`RPTCO_SORT_IDX`) | W12: =CONCATENATE(" VALUES('",A12,"','",B12,"','",C12,"','",D12,"','",E12,"','",F12,"','",G12,"','",H12,"','",I12,"','",J12,"','",K12,"','",L12,"','",M12,"','",N12,"','",O12,"','",P12,"','",Q12,"','",R12,"','",S12,"','",T12,"');") -> VALUES('RPT_ALL_JOBS_TO','ACC_TYPE_TO','0','11','RCD_DT_SUBMIT','Submitted Date','D','0','N','0','N','N','N','N','N','50','1','2','Y','-1'); | X12: =CONCATENATE(U12,V12,W12) -> INSERT INTO `T_CORE_RPT_COLUMN`(`RPTCO_RPTID`,`RPTCO_ACCN_TYPE`,`RPTCO_TBL_IDX`,`RPTCO_IDX`,`RPTCO_DBCOL`,`RPTCO_CAPTION`,`RPTCO_COLTYPE`,`RPTCO_NUM_PRECISION`,`RPTCO_NUM_NO_ZERO`,`RPTCO_NUM_ACCFORMAT`,`RPTCO_NUM_NEG_ONLY`,`RPTCO_NUM_POS_ONLY`,`RPTCO_NUM_NOSIGN`,`RPTCO_IN_SUBTOTAL`,`RPTCO_IN_TOTAL`,`RPTCO_WIDTH`,`RPTCO_ROW_IDX`,`RPTCO_COL_IDX`,`RPTCO_SHOW`,`RPTCO_SORT_IDX`) VALUES('RPT_ALL_JOBS_TO','ACC_TYPE_TO','0','11','RCD_DT_SUBMIT','Submitted Date','D','0','N','0','N','N','N','N','N','50','1','2','Y','-1');
A13: RPT_ALL_JOBS_TO | B13: ACC_TYPE_TO | C13: 0 | D13: 12 | E13: RCD_DT_CANCEL | F13: Cancelled Date | G13: D | H13: 0 | I13: N | J13: 0 | K13: N | L13: N | M13: N | N13: N | O13: N | P13: 50 | Q13: 1 | R13: 2 | S13: Y | T13: -1 | U13: =CONCATENATE("INSERT INTO `T_CORE_RPT_COLUMN`(`RPTCO_RPTID`,`RPTCO_ACCN_TYPE`,`RPTCO_TBL_IDX`,`RPTCO_IDX`,`RPTCO_DBCOL`,`RPTCO_CAPTION`,`RPTCO_COLTYPE`,`RPTCO_NUM_PRECISION`,`RPTCO_NUM_NO_ZERO`,") -> INSERT INTO `T_CORE_RPT_COLUMN`(`RPTCO_RPTID`,`RPTCO_ACCN_TYPE`,`RPTCO_TBL_IDX`,`RPTCO_IDX`,`RPTCO_DBCOL`,`RPTCO_CAPTION`,`RPTCO_COLTYPE`,`RPTCO_NUM_PRECISION`,`RPTCO_NUM_NO_ZERO`, | V13: =CONCATENATE("`RPTCO_NUM_ACCFORMAT`,`RPTCO_NUM_NEG_ONLY`,`RPTCO_NUM_POS_ONLY`,`RPTCO_NUM_NOSIGN`,`RPTCO_IN_SUBTOTAL`,`RPTCO_IN_TOTAL`,`RPTCO_WIDTH`,`RPTCO_ROW_IDX`,`RPTCO_COL_IDX`,`RPTCO_SHOW`,`RPTCO_SORT_IDX`) ") -> `RPTCO_NUM_ACCFORMAT`,`RPTCO_NUM_NEG_ONLY`,`RPTCO_NUM_POS_ONLY`,`RPTCO_NUM_NOSIGN`,`RPTCO_IN_SUBTOTAL`,`RPTCO_IN_TOTAL`,`RPTCO_WIDTH`,`RPTCO_ROW_IDX`,`RPTCO_COL_IDX`,`RPTCO_SHOW`,`RPTCO_SORT_IDX`) | W13: =CONCATENATE(" VALUES('",A13,"','",B13,"','",C13,"','",D13,"','",E13,"','",F13,"','",G13,"','",H13,"','",I13,"','",J13,"','",K13,"','",L13,"','",M13,"','",N13,"','",O13,"','",P13,"','",Q13,"','",R13,"','",S13,"','",T13,"');") -> VALUES('RPT_ALL_JOBS_TO','ACC_TYPE_TO','0','12','RCD_DT_CANCEL','Cancelled Date','D','0','N','0','N','N','N','N','N','50','1','2','Y','-1'); | X13: =CONCATENATE(U13,V13,W13) -> INSERT INTO `T_CORE_RPT_COLUMN`(`RPTCO_RPTID`,`RPTCO_ACCN_TYPE`,`RPTCO_TBL_IDX`,`RPTCO_IDX`,`RPTCO_DBCOL`,`RPTCO_CAPTION`,`RPTCO_COLTYPE`,`RPTCO_NUM_PRECISION`,`RPTCO_NUM_NO_ZERO`,`RPTCO_NUM_ACCFORMAT`,`RPTCO_NUM_NEG_ONLY`,`RPTCO_NUM_POS_ONLY`,`RPTCO_NUM_NOSIGN`,`RPTCO_IN_SUBTOTAL`,`RPTCO_IN_TOTAL`,`RPTCO_WIDTH`,`RPTCO_ROW_IDX`,`RPTCO_COL_IDX`,`RPTCO_SHOW`,`RPTCO_SORT_IDX`) VALUES('RPT_ALL_JOBS_TO','ACC_TYPE_TO','0','12','RCD_DT_CANCEL','Cancelled Date','D','0','N','0','N','N','N','N','N','50','1','2','Y','-1');
... A31: RPT_ALL_JOBS_CO | B31: ACC_TYPE_CO | C31: 0 | D31: 15 | E31: RCD_DT_COMPLETE | F31: Completed Date | G31: D | H31: 0 | I31: N | J31: 0 | K31: N | L31: N | M31: N | N31: N | O31: N | P31: 50 | Q31: 1 | R31: 2 | S31: Y | T31: -1 | U31: =CONCATENATE("INSERT INTO `T_CORE_RPT_COLUMN`(`RPTCO_RPTID`,`RPTCO_ACCN_TYPE`,`RPTCO_TBL_IDX`,`RPTCO_IDX`,`RPTCO_DBCOL`,`RPTCO_CAPTION`,`RPTCO_COLTYPE`,`RPTCO_NUM_PRECISION`,`RPTCO_NUM_NO_ZERO`,") -> INSERT INTO `T_CORE_RPT_COLUMN`(`RPTCO_RPTID`,`RPTCO_ACCN_TYPE`,`RPTCO_TBL_IDX`,`RPTCO_IDX`,`RPTCO_DBCOL`,`RPTCO_CAPTION`,`RPTCO_COLTYPE`,`RPTCO_NUM_PRECISION`,`RPTCO_NUM_NO_ZERO`, | V31: =CONCATENATE("`RPTCO_NUM_ACCFORMAT`,`RPTCO_NUM_NEG_ONLY`,`RPTCO_NUM_POS_ONLY`,`RPTCO_NUM_NOSIGN`,`RPTCO_IN_SUBTOTAL`,`RPTCO_IN_TOTAL`,`RPTCO_WIDTH`,`RPTCO_ROW_IDX`,`RPTCO_COL_IDX`,`RPTCO_SHOW`,`RPTCO_SORT_IDX`) ") -> `RPTCO_NUM_ACCFORMAT`,`RPTCO_NUM_NEG_ONLY`,`RPTCO_NUM_POS_ONLY`,`RPTCO_NUM_NOSIGN`,`RPTCO_IN_SUBTOTAL`,`RPTCO_IN_TOTAL`,`RPTCO_WIDTH`,`RPTCO_ROW_IDX`,`RPTCO_COL_IDX`,`RPTCO_SHOW`,`RPTCO_SORT_IDX`) | W31: =CONCATENATE(" VALUES('",A31,"','",B31,"','",C31,"','",D31,"','",E31,"','",F31,"','",G31,"','",H31,"','",I31,"','",J31,"','",K31,"','",L31,"','",M31,"','",N31,"','",O31,"','",P31,"','",Q31,"','",R31,"','",S31,"','",T31,"');") -> VALUES('RPT_ALL_JOBS_CO','ACC_TYPE_CO','0','15','RCD_DT_COMPLETE','Completed Date','D','0','N','0','N','N','N','N','N','50','1','2','Y','-1'); | X31: =CONCATENATE(U31,V31,W31) -> INSERT INTO `T_CORE_RPT_COLUMN`(`RPTCO_RPTID`,`RPTCO_ACCN_TYPE`,`RPTCO_TBL_IDX`,`RPTCO_IDX`,`RPTCO_DBCOL`,`RPTCO_CAPTION`,`RPTCO_COLTYPE`,`RPTCO_NUM_PRECISION`,`RPTCO_NUM_NO_ZERO`,`RPTCO_NUM_ACCFORMAT`,`RPTCO_NUM_NEG_ONLY`,`RPTCO_NUM_POS_ONLY`,`RPTCO_NUM_NOSIGN`,`RPTCO_IN_SUBTOTAL`,`RPTCO_IN_TOTAL`,`RPTCO_WIDTH`,`RPTCO_ROW_IDX`,`RPTCO_COL_IDX`,`RPTCO_SHOW`,`RPTCO_SORT_IDX`) VALUES('RPT_ALL_JOBS_CO','ACC_TYPE_CO','0','15','RCD_DT_COMPLETE','Completed Date','D','0','N','0','N','N','N','N','N','50','1','2','Y','-1');
X32: =CONCATENATE(U32,V32,W32)
A33: RPT_JOBS_DISCREPANCY_TO | B33: ACC_TYPE_TO | C33: 0 | D33: 1 | E33: JOB_ID | F33: Truck Job ID | G33: T | H33: 0 | I33: N | J33: 0 | K33: N | L33: N | M33: N | N33: N | O33: N | P33: 50 | Q33: 1 | R33: 2 | S33: Y | T33: -1 | U33: =CONCATENATE("INSERT INTO `T_CORE_RPT_COLUMN`(`RPTCO_RPTID`,`RPTCO_ACCN_TYPE`,`RPTCO_TBL_IDX`,`RPTCO_IDX`,`RPTCO_DBCOL`,`RPTCO_CAPTION`,`RPTCO_COLTYPE`,`RPTCO_NUM_PRECISION`,`RPTCO_NUM_NO_ZERO`,") -> INSERT INTO `T_CORE_RPT_COLUMN`(`RPTCO_RPTID`,`RPTCO_ACCN_TYPE`,`RPTCO_TBL_IDX`,`RPTCO_IDX`,`RPTCO_DBCOL`,`RPTCO_CAPTION`,`RPTCO_COLTYPE`,`RPTCO_NUM_PRECISION`,`RPTCO_NUM_NO_ZERO`, | V33: =CONCATENATE("`RPTCO_NUM_ACCFORMAT`,`RPTCO_NUM_NEG_ONLY`,`RPTCO_NUM_POS_ONLY`,`RPTCO_NUM_NOSIGN`,`RPTCO_IN_SUBTOTAL`,`RPTCO_IN_TOTAL`,`RPTCO_WIDTH`,`RPTCO_ROW_IDX`,`RPTCO_COL_IDX`,`RPTCO_SHOW`,`RPTCO_SORT_IDX`) ") -> `RPTCO_NUM_ACCFORMAT`,`RPTCO_NUM_NEG_ONLY`,`RPTCO_NUM_POS_ONLY`,`RPTCO_NUM_NOSIGN`,`RPTCO_IN_SUBTOTAL`,`RPTCO_IN_TOTAL`,`RPTCO_WIDTH`,`RPTCO_ROW_IDX`,`RPTCO_COL_IDX`,`RPTCO_SHOW`,`RPTCO_SORT_IDX`) | W33: =CONCATENATE(" VALUES('",A33,"','",B33,"','",C33,"','",D33,"','",E33,"','",F33,"','",G33,"','",H33,"','",I33,"','",J33,"','",K33,"','",L33,"','",M33,"','",N33,"','",O33,"','",P33,"','",Q33,"','",R33,"','",S33,"','",T33,"');") -> VALUES('RPT_JOBS_DISCREPANCY_TO','ACC_TYPE_TO','0','1','JOB_ID','Truck Job ID','T','0','N','0','N','N','N','N','N','50','1','2','Y','-1'); | X33: =CONCATENATE(U33,V33,W33) -> INSERT INTO `T_CORE_RPT_COLUMN`(`RPTCO_RPTID`,`RPTCO_ACCN_TYPE`,`RPTCO_TBL_IDX`,`RPTCO_IDX`,`RPTCO_DBCOL`,`RPTCO_CAPTION`,`RPTCO_COLTYPE`,`RPTCO_NUM_PRECISION`,`RPTCO_NUM_NO_ZERO`,`RPTCO_NUM_ACCFORMAT`,`RPTCO_NUM_NEG_ONLY`,`RPTCO_NUM_POS_ONLY`,`RPTCO_NUM_NOSIGN`,`RPTCO_IN_SUBTOTAL`,`RPTCO_IN_TOTAL`,`RPTCO_WIDTH`,`RPTCO_ROW_IDX`,`RPTCO_COL_IDX`,`RPTCO_SHOW`,`RPTCO_SORT_IDX`) VALUES('RPT_JOBS_DISCREPANCY_TO','ACC_TYPE_TO','0','1','JOB_ID','Truck Job ID','T','0','N','0','N','N','N','N','N','50','1','2','Y','-1');
A34: RPT_JOBS_DISCREPANCY_TO | B34: ACC_TYPE_TO | C34: 0 | D34: 2 | E34: SHIPMENT_TYPE | F34: Shipment Type | G34: T | H34: 0 | I34: N | J34: 0 | K34: N | L34: N | M34: N | N34: N | O34: N | P34: 50 | Q34: 1 | R34: 2 | S34: Y | T34: -1 | U34: =CONCATENATE("INSERT INTO `T_CORE_RPT_COLUMN`(`RPTCO_RPTID`,`RPTCO_ACCN_TYPE`,`RPTCO_TBL_IDX`,`RPTCO_IDX`,`RPTCO_DBCOL`,`RPTCO_CAPTION`,`RPTCO_COLTYPE`,`RPTCO_NUM_PRECISION`,`RPTCO_NUM_NO_ZERO`,") -> INSERT INTO `T_CORE_RPT_COLUMN`(`RPTCO_RPTID`,`RPTCO_ACCN_TYPE`,`RPTCO_TBL_IDX`,`RPTCO_IDX`,`RPTCO_DBCOL`,`RPTCO_CAPTION`,`RPTCO_COLTYPE`,`RPTCO_NUM_PRECISION`,`RPTCO_NUM_NO_ZERO`, | V34: =CONCATENATE("`RPTCO_NUM_ACCFORMAT`,`RPTCO_NUM_NEG_ONLY`,`RPTCO_NUM_POS_ONLY`,`RPTCO_NUM_NOSIGN`,`RPTCO_IN_SUBTOTAL`,`RPTCO_IN_TOTAL`,`RPTCO_WIDTH`,`RPTCO_ROW_IDX`,`RPTCO_COL_IDX`,`RPTCO_SHOW`,`RPTCO_SORT_IDX`) ") -> `RPTCO_NUM_ACCFORMAT`,`RPTCO_NUM_NEG_ONLY`,`RPTCO_NUM_POS_ONLY`,`RPTCO_NUM_NOSIGN`,`RPTCO_IN_SUBTOTAL`,`RPTCO_IN_TOTAL`,`RPTCO_WIDTH`,`RPTCO_ROW_IDX`,`RPTCO_COL_IDX`,`RPTCO_SHOW`,`RPTCO_SORT_IDX`) | W34: =CONCATENATE(" VALUES('",A34,"','",B34,"','",C34,"','",D34,"','",E34,"','",F34,"','",G34,"','",H34,"','",I34,"','",J34,"','",K34,"','",L34,"','",M34,"','",N34,"','",O34,"','",P34,"','",Q34,"','",R34,"','",S34,"','",T34,"');") -> VALUES('RPT_JOBS_DISCREPANCY_TO','ACC_TYPE_TO','0','2','SHIPMENT_TYPE','Shipment Type','T','0','N','0','N','N','N','N','N','50','1','2','Y','-1'); | X34: =CONCATENATE(U34,V34,W34) -> INSERT INTO `T_CORE_RPT_COLUMN`(`RPTCO_RPTID`,`RPTCO_ACCN_TYPE`,`RPTCO_TBL_IDX`,`RPTCO_IDX`,`RPTCO_DBCOL`,`RPTCO_CAPTION`,`RPTCO_COLTYPE`,`RPTCO_NUM_PRECISION`,`RPTCO_NUM_NO_ZERO`,`RPTCO_NUM_ACCFORMAT`,`RPTCO_NUM_NEG_ONLY`,`RPTCO_NUM_POS_ONLY`,`RPTCO_NUM_NOSIGN`,`RPTCO_IN_SUBTOTAL`,`RPTCO_IN_TOTAL`,`RPTCO_WIDTH`,`RPTCO_ROW_IDX`,`RPTCO_COL_IDX`,`RPTCO_SHOW`,`RPTCO_SORT_IDX`) VALUES('RPT_JOBS_DISCREPANCY_TO','ACC_TYPE_TO','0','2','SHIPMENT_TYPE','Shipment Type','T','0','N','0','N','N','N','N','N','50','1','2','Y','-1');
A35: RPT_JOBS_DISCREPANCY_TO | B35: ACC_TYPE_TO | C35: 0 | D35: 3 | E35: JOB_DT_BOOKING | F35: Booking Date | G35: D | H35: 0 | I35: N | J35: 0 | K35: N | L35: N | M35: N | N35: N | O35: N | P35: 50 | Q35: 1 | R35: 2 | S35: Y | T35: -1 | U35: =CONCATENATE("INSERT INTO `T_CORE_RPT_COLUMN`(`RPTCO_RPTID`,`RPTCO_ACCN_TYPE`,`RPTCO_TBL_IDX`,`RPTCO_IDX`,`RPTCO_DBCOL`,`RPTCO_CAPTION`,`RPTCO_COLTYPE`,`RPTCO_NUM_PRECISION`,`RPTCO_NUM_NO_ZERO`,") -> INSERT INTO `T_CORE_RPT_COLUMN`(`RPTCO_RPTID`,`RPTCO_ACCN_TYPE`,`RPTCO_TBL_IDX`,`RPTCO_IDX`,`RPTCO_DBCOL`,`RPTCO_CAPTION`,`RPTCO_COLTYPE`,`RPTCO_NUM_PRECISION`,`RPTCO_NUM_NO_ZERO`, | V35: =CONCATENATE("`RPTCO_NUM_ACCFORMAT`,`RPTCO_NUM_NEG_ONLY`,`RPTCO_NUM_POS_ONLY`,`RPTCO_NUM_NOSIGN`,`RPTCO_IN_SUBTOTAL`,`RPTCO_IN_TOTAL`,`RPTCO_WIDTH`,`RPTCO_ROW_IDX`,`RPTCO_COL_IDX`,`RPTCO_SHOW`,`RPTCO_SORT_IDX`) ") -> `RPTCO_NUM_ACCFORMAT`,`RPTCO_NUM_NEG_ONLY`,`RPTCO_NUM_POS_ONLY`,`RPTCO_NUM_NOSIGN`,`RPTCO_IN_SUBTOTAL`,`RPTCO_IN_TOTAL`,`RPTCO_WIDTH`,`RPTCO_ROW_IDX`,`RPTCO_COL_IDX`,`RPTCO_SHOW`,`RPTCO_SORT_IDX`) | W35: =CONCATENATE(" VALUES('",A35,"','",B35,"','",C35,"','",D35,"','",E35,"','",F35,"','",G35,"','",H35,"','",I35,"','",J35,"','",K35,"','",L35,"','",M35,"','",N35,"','",O35,"','",P35,"','",Q35,"','",R35,"','",S35,"','",T35,"');") -> VALUES('RPT_JOBS_DISCREPANCY_TO','ACC_TYPE_TO','0','3','JOB_DT_BOOKING','Booking Date','D','0','N','0','N','N','N','N','N','50','1','2','Y','-1'); | X35: =CONCATENATE(U35,V35,W35) -> INSERT INTO `T_CORE_RPT_COLUMN`(`RPTCO_RPTID`,`RPTCO_ACCN_TYPE`,`RPTCO_TBL_IDX`,`RPTCO_IDX`,`RPTCO_DBCOL`,`RPTCO_CAPTION`,`RPTCO_COLTYPE`,`RPTCO_NUM_PRECISION`,`RPTCO_NUM_NO_ZERO`,`RPTCO_NUM_ACCFORMAT`,`RPTCO_NUM_NEG_ONLY`,`RPTCO_NUM_POS_ONLY`,`RPTCO_NUM_NOSIGN`,`RPTCO_IN_SUBTOTAL`,`RPTCO_IN_TOTAL`,`RPTCO_WIDTH`,`RPTCO_ROW_IDX`,`RPTCO_COL_IDX`,`RPTCO_SHOW`,`RPTCO_SORT_IDX`) VALUES('RPT_JOBS_DISCREPANCY_TO','ACC_TYPE_TO','0','3','JOB_DT_BOOKING','Booking Date','D','0','N','0','N','N','N','N','N','50','1','2','Y','-1');
A36: RPT_JOBS_DISCREPANCY_TO | B36: ACC_TYPE_TO | C36: 0 | D36: 4 | E36: JOB_STATE | F36: Job State | G36: T | H36: 0 | I36: N | J36: 0 | K36: N | L36: N | M36: N | N36: N | O36: N | P36: 50 | Q36: 1 | R36: 2 | S36: Y | T36: -1 | U36: =CONCATENATE("INSERT INTO `T_CORE_RPT_COLUMN`(`RPTCO_RPTID`,`RPTCO_ACCN_TYPE`,`RPTCO_TBL_IDX`,`RPTCO_IDX`,`RPTCO_DBCOL`,`RPTCO_CAPTION`,`RPTCO_COLTYPE`,`RPTCO_NUM_PRECISION`,`RPTCO_NUM_NO_ZERO`,") -> INSERT INTO `T_CORE_RPT_COLUMN`(`RPTCO_RPTID`,`RPTCO_ACCN_TYPE`,`RPTCO_TBL_IDX`,`RPTCO_IDX`,`RPTCO_DBCOL`,`RPTCO_CAPTION`,`RPTCO_COLTYPE`,`RPTCO_NUM_PRECISION`,`RPTCO_NUM_NO_ZERO`, | V36: =CONCATENATE("`RPTCO_NUM_ACCFORMAT`,`RPTCO_NUM_NEG_ONLY`,`RPTCO_NUM_POS_ONLY`,`RPTCO_NUM_NOSIGN`,`RPTCO_IN_SUBTOTAL`,`RPTCO_IN_TOTAL`,`RPTCO_WIDTH`,`RPTCO_ROW_IDX`,`RPTCO_COL_IDX`,`RPTCO_SHOW`,`RPTCO_SORT_IDX`) ") -> `RPTCO_NUM_ACCFORMAT`,`RPTCO_NUM_NEG_ONLY`,`RPTCO_NUM_POS_ONLY`,`RPTCO_NUM_NOSIGN`,`RPTCO_IN_SUBTOTAL`,`RPTCO_IN_TOTAL`,`RPTCO_WIDTH`,`RPTCO_ROW_IDX`,`RPTCO_COL_IDX`,`RPTCO_SHOW`,`RPTCO_SORT_IDX`) | W36: =CONCATENATE(" VALUES('",A36,"','",B36,"','",C36,"','",D36,"','",E36,"','",F36,"','",G36,"','",H36,"','",I36,"','",J36,"','",K36,"','",L36,"','",M36,"','",N36,"','",O36,"','",P36,"','",Q36,"','",R36,"','",S36,"','",T36,"');") -> VALUES('RPT_JOBS_DISCREPANCY_TO','ACC_TYPE_TO','0','4','JOB_STATE','Job State','T','0','N','0','N','N','N','N','N','50','1','2','Y','-1'); | X36: =CONCATENATE(U36,V36,W36) -> INSERT INTO `T_CORE_RPT_COLUMN`(`RPTCO_RPTID`,`RPTCO_ACCN_TYPE`,`RPTCO_TBL_IDX`,`RPTCO_IDX`,`RPTCO_DBCOL`,`RPTCO_CAPTION`,`RPTCO_COLTYPE`,`RPTCO_NUM_PRECISION`,`RPTCO_NUM_NO_ZERO`,`RPTCO_NUM_ACCFORMAT`,`RPTCO_NUM_NEG_ONLY`,`RPTCO_NUM_POS_ONLY`,`RPTCO_NUM_NOSIGN`,`RPTCO_IN_SUBTOTAL`,`RPTCO_IN_TOTAL`,`RPTCO_WIDTH`,`RPTCO_ROW_IDX`,`RPTCO_COL_IDX`,`RPTCO_SHOW`,`RPTCO_SORT_IDX`) VALUES('RPT_JOBS_DISCREPANCY_TO','ACC_TYPE_TO','0','4','JOB_STATE','Job State','T','0','N','0','N','N','N','N','N','50','1','2','Y','-1');
A37: RPT_JOBS_DISCREPANCY_TO | B37: ACC_TYPE_TO | C37: 0 | D37: 5 | E37: CO_FF_ACCN | F37: Cargo Owner | G37: T | H37: 0 | I37: N | J37: 0 | K37: N | L37: N | M37: N | N37: N | O37: N | P37: 50 | Q37: 1 | R37: 2 | S37: Y | T37: -1 | U37: =CONCATENATE("INSERT INTO `T_CORE_RPT_COLUMN`(`RPTCO_RPTID`,`RPTCO_ACCN_TYPE`,`RPTCO_TBL_IDX`,`RPTCO_IDX`,`RPTCO_DBCOL`,`RPTCO_CAPTION`,`RPTCO_COLTYPE`,`RPTCO_NUM_PRECISION`,`RPTCO_NUM_NO_ZERO`,") -> INSERT INTO `T_CORE_RPT_COLUMN`(`RPTCO_RPTID`,`RPTCO_ACCN_TYPE`,`RPTCO_TBL_IDX`,`RPTCO_IDX`,`RPTCO_DBCOL`,`RPTCO_CAPTION`,`RPTCO_COLTYPE`,`RPTCO_NUM_PRECISION`,`RPTCO_NUM_NO_ZERO`, | V37: =CONCATENATE("`RPTCO_NUM_ACCFORMAT`,`RPTCO_NUM_NEG_ONLY`,`RPTCO_NUM_POS_ONLY`,`RPTCO_NUM_NOSIGN`,`RPTCO_IN_SUBTOTAL`,`RPTCO_IN_TOTAL`,`RPTCO_WIDTH`,`RPTCO_ROW_IDX`,`RPTCO_COL_IDX`,`RPTCO_SHOW`,`RPTCO_SORT_IDX`) ") -> `RPTCO_NUM_ACCFORMAT`,`RPTCO_NUM_NEG_ONLY`,`RPTCO_NUM_POS_ONLY`,`RPTCO_NUM_NOSIGN`,`RPTCO_IN_SUBTOTAL`,`RPTCO_IN_TOTAL`,`RPTCO_WIDTH`,`RPTCO_ROW_IDX`,`RPTCO_COL_IDX`,`RPTCO_SHOW`,`RPTCO_SORT_IDX`) | W37: =CONCATENATE(" VALUES('",A37,"','",B37,"','",C37,"','",D37,"','",E37,"','",F37,"','",G37,"','",H37,"','",I37,"','",J37,"','",K37,"','",L37,"','",M37,"','",N37,"','",O37,"','",P37,"','",Q37,"','",R37,"','",S37,"','",T37,"');") -> VALUES('RPT_JOBS_DISCREPANCY_TO','ACC_TYPE_TO','0','5','CO_FF_ACCN','Cargo Owner','T','0','N','0','N','N','N','N','N','50','1','2','Y','-1'); | X37: =CONCATENATE(U37,V37,W37) -> INSERT INTO `T_CORE_RPT_COLUMN`(`RPTCO_RPTID`,`RPTCO_ACCN_TYPE`,`RPTCO_TBL_IDX`,`RPTCO_IDX`,`RPTCO_DBCOL`,`RPTCO_CAPTION`,`RPTCO_COLTYPE`,`RPTCO_NUM_PRECISION`,`RPTCO_NUM_NO_ZERO`,`RPTCO_NUM_ACCFORMAT`,`RPTCO_NUM_NEG_ONLY`,`RPTCO_NUM_POS_ONLY`,`RPTCO_NUM_NOSIGN`,`RPTCO_IN_SUBTOTAL`,`RPTCO_IN_TOTAL`,`RPTCO_WIDTH`,`RPTCO_ROW_IDX`,`RPTCO_COL_IDX`,`RPTCO_SHOW`,`RPTCO_SORT_IDX`) VALUES('RPT_JOBS_DISCREPANCY_TO','ACC_TYPE_TO','0','5','CO_FF_ACCN','Cargo Owner','T','0','N','0','N','N','N','N','N','50','1','2','Y','-1');
A38: RPT_JOBS_DISCREPANCY_TO | B38: ACC_TYPE_TO | C38: 0 | D38: 6 | E38: TO_ACCN | F38: Trucker Operator | G38: T | H38: 0 | I38: N | J38: 0 | K38: N | L38: N | M38: N | N38: N | O38: N | P38: 50 | Q38: 1 | R38: 2 | S38: Y | T38: -1 | U38: =CONCATENATE("INSERT INTO `T_CORE_RPT_COLUMN`(`RPTCO_RPTID`,`RPTCO_ACCN_TYPE`,`RPTCO_TBL_IDX`,`RPTCO_IDX`,`RPTCO_DBCOL`,`RPTCO_CAPTION`,`RPTCO_COLTYPE`,`RPTCO_NUM_PRECISION`,`RPTCO_NUM_NO_ZERO`,") -> INSERT INTO `T_CORE_RPT_COLUMN`(`RPTCO_RPTID`,`RPTCO_ACCN_TYPE`,`RPTCO_TBL_IDX`,`RPTCO_IDX`,`RPTCO_DBCOL`,`RPTCO_CAPTION`,`RPTCO_COLTYPE`,`RPTCO_NUM_PRECISION`,`RPTCO_NUM_NO_ZERO`, | V38: =CONCATENATE("`RPTCO_NUM_ACCFORMAT`,`RPTCO_NUM_NEG_ONLY`,`RPTCO_NUM_POS_ONLY`,`RPTCO_NUM_NOSIGN`,`RPTCO_IN_SUBTOTAL`,`RPTCO_IN_TOTAL`,`RPTCO_WIDTH`,`RPTCO_ROW_IDX`,`RPTCO_COL_IDX`,`RPTCO_SHOW`,`RPTCO_SORT_IDX`) ") -> `RPTCO_NUM_ACCFORMAT`,`RPTCO_NUM_NEG_ONLY`,`RPTCO_NUM_POS_ONLY`,`RPTCO_NUM_NOSIGN`,`RPTCO_IN_SUBTOTAL`,`RPTCO_IN_TOTAL`,`RPTCO_WIDTH`,`RPTCO_ROW_IDX`,`RPTCO_COL_IDX`,`RPTCO_SHOW`,`RPTCO_SORT_IDX`) | W38: =CONCATENATE(" VALUES('",A38,"','",B38,"','",C38,"','",D38,"','",E38,"','",F38,"','",G38,"','",H38,"','",I38,"','",J38,"','",K38,"','",L38,"','",M38,"','",N38,"','",O38,"','",P38,"','",Q38,"','",R38,"','",S38,"','",T38,"');") -> VALUES('RPT_JOBS_DISCREPANCY_TO','ACC_TYPE_TO','0','6','TO_ACCN','Trucker Operator','T','0','N','0','N','N','N','N','N','50','1','2','Y','-1'); | X38: =CONCATENATE(U38,V38,W38) -> INSERT INTO `T_CORE_RPT_COLUMN`(`RPTCO_RPTID`,`RPTCO_ACCN_TYPE`,`RPTCO_TBL_IDX`,`RPTCO_IDX`,`RPTCO_DBCOL`,`RPTCO_CAPTION`,`RPTCO_COLTYPE`,`RPTCO_NUM_PRECISION`,`RPTCO_NUM_NO_ZERO`,`RPTCO_NUM_ACCFORMAT`,`RPTCO_NUM_NEG_ONLY`,`RPTCO_NUM_POS_ONLY`,`RPTCO_NUM_NOSIGN`,`RPTCO_IN_SUBTOTAL`,`RPTCO_IN_TOTAL`,`RPTCO_WIDTH`,`RPTCO_ROW_IDX`,`RPTCO_COL_IDX`,`RPTCO_SHOW`,`RPTCO_SORT_IDX`) VALUES('RPT_JOBS_DISCREPANCY_TO','ACC_TYPE_TO','0','6','TO_ACCN','Trucker Operator','T','0','N','0','N','N','N','N','N','50','1','2','Y','-1');
A39: RPT_JOBS_DISCREPANCY_TO | B39: ACC_TYPE_TO | C39: 0 | D39: 7 | E39: TLOC_LOC_NAME_FROM | F39: Trip From | G39: T | H39: 0 | I39: N | J39: 0 | K39: N | L39: N | M39: N | N39: N | O39: N | P39: 50 | Q39: 1 | R39: 2 | S39: Y | T39: -1 | U39: =CONCATENATE("INSERT INTO `T_CORE_RPT_COLUMN`(`RPTCO_RPTID`,`RPTCO_ACCN_TYPE`,`RPTCO_TBL_IDX`,`RPTCO_IDX`,`RPTCO_DBCOL`,`RPTCO_CAPTION`,`RPTCO_COLTYPE`,`RPTCO_NUM_PRECISION`,`RPTCO_NUM_NO_ZERO`,") -> INSERT INTO `T_CORE_RPT_COLUMN`(`RPTCO_RPTID`,`RPTCO_ACCN_TYPE`,`RPTCO_TBL_IDX`,`RPTCO_IDX`,`RPTCO_DBCOL`,`RPTCO_CAPTION`,`RPTCO_COLTYPE`,`RPTCO_NUM_PRECISION`,`RPTCO_NUM_NO_ZERO`, | V39: =CONCATENATE("`RPTCO_NUM_ACCFORMAT`,`RPTCO_NUM_NEG_ONLY`,`RPTCO_NUM_POS_ONLY`,`RPTCO_NUM_NOSIGN`,`RPTCO_IN_SUBTOTAL`,`RPTCO_IN_TOTAL`,`RPTCO_WIDTH`,`RPTCO_ROW_IDX`,`RPTCO_COL_IDX`,`RPTCO_SHOW`,`RPTCO_SORT_IDX`) ") -> `RPTCO_NUM_ACCFORMAT`,`RPTCO_NUM_NEG_ONLY`,`RPTCO_NUM_POS_ONLY`,`RPTCO_NUM_NOSIGN`,`RPTCO_IN_SUBTOTAL`,`RPTCO_IN_TOTAL`,`RPTCO_WIDTH`,`RPTCO_ROW_IDX`,`RPTCO_COL_IDX`,`RPTCO_SHOW`,`RPTCO_SORT_IDX`) | W39: =CONCATENATE(" VALUES('",A39,"','",B39,"','",C39,"','",D39,"','",E39,"','",F39,"','",G39,"','",H39,"','",I39,"','",J39,"','",K39,"','",L39,"','",M39,"','",N39,"','",O39,"','",P39,"','",Q39,"','",R39,"','",S39,"','",T39,"');") -> VALUES('RPT_JOBS_DISCREPANCY_TO','ACC_TYPE_TO','0','7','TLOC_LOC_NAME_FROM','Trip From','T','0','N','0','N','N','N','N','N','50','1','2','Y','-1'); | X39: =CONCATENATE(U39,V39,W39) -> INSERT INTO `T_CORE_RPT_COLUMN`(`RPTCO_RPTID`,`RPTCO_ACCN_TYPE`,`RPTCO_TBL_IDX`,`RPTCO_IDX`,`RPTCO_DBCOL`,`RPTCO_CAPTION`,`RPTCO_COLTYPE`,`RPTCO_NUM_PRECISION`,`RPTCO_NUM_NO_ZERO`,`RPTCO_NUM_ACCFORMAT`,`RPTCO_NUM_NEG_ONLY`,`RPTCO_NUM_POS_ONLY`,`RPTCO_NUM_NOSIGN`,`RPTCO_IN_SUBTOTAL`,`RPTCO_IN_TOTAL`,`RPTCO_WIDTH`,`RPTCO_ROW_IDX`,`RPTCO_COL_IDX`,`RPTCO_SHOW`,`RPTCO_SORT_IDX`) VALUES('RPT_JOBS_DISCREPANCY_TO','ACC_TYPE_TO','0','7','TLOC_LOC_NAME_FROM','Trip From','T','0','N','0','N','N','N','N','N','50','1','2','Y','-1');
A40: RPT_JOBS_DISCREPANCY_TO | B40: ACC_TYPE_TO | C40: 0 | D40: 8 | E40: TLOC_LOC_NAME_TO | F40: Trip To | G40: T | H40: 0 | I40: N | J40: 0 | K40: N | L40: N | M40: N | N40: N | O40: N | P40: 50 | Q40: 1 | R40: 2 | S40: Y | T40: -1 | U40: =CONCATENATE("INSERT INTO `T_CORE_RPT_COLUMN`(`RPTCO_RPTID`,`RPTCO_ACCN_TYPE`,`RPTCO_TBL_IDX`,`RPTCO_IDX`,`RPTCO_DBCOL`,`RPTCO_CAPTION`,`RPTCO_COLTYPE`,`RPTCO_NUM_PRECISION`,`RPTCO_NUM_NO_ZERO`,") -> INSERT INTO `T_CORE_RPT_COLUMN`(`RPTCO_RPTID`,`RPTCO_ACCN_TYPE`,`RPTCO_TBL_IDX`,`RPTCO_IDX`,`RPTCO_DBCOL`,`RPTCO_CAPTION`,`RPTCO_COLTYPE`,`RPTCO_NUM_PRECISION`,`RPTCO_NUM_NO_ZERO`, | V40: =CONCATENATE("`RPTCO_NUM_ACCFORMAT`,`RPTCO_NUM_NEG_ONLY`,`RPTCO_NUM_POS_ONLY`,`RPTCO_NUM_NOSIGN`,`RPTCO_IN_SUBTOTAL`,`RPTCO_IN_TOTAL`,`RPTCO_WIDTH`,`RPTCO_ROW_IDX`,`RPTCO_COL_IDX`,`RPTCO_SHOW`,`RPTCO_SORT_IDX`) ") -> `RPTCO_NUM_ACCFORMAT`,`RPTCO_NUM_NEG_ONLY`,`RPTCO_NUM_POS_ONLY`,`RPTCO_NUM_NOSIGN`,`RPTCO_IN_SUBTOTAL`,`RPTCO_IN_TOTAL`,`RPTCO_WIDTH`,`RPTCO_ROW_IDX`,`RPTCO_COL_IDX`,`RPTCO_SHOW`,`RPTCO_SORT_IDX`) | W40: =CONCATENATE(" VALUES('",A40,"','",B40,"','",C40,"','",D40,"','",E40,"','",F40,"','",G40,"','",H40,"','",I40,"','",J40,"','",K40,"','",L40,"','",M40,"','",N40,"','",O40,"','",P40,"','",Q40,"','",R40,"','",S40,"','",T40,"');") -> VALUES('RPT_JOBS_DISCREPANCY_TO','ACC_TYPE_TO','0','8','TLOC_LOC_NAME_TO','Trip To','T','0','N','0','N','N','N','N','N','50','1','2','Y','-1'); | X40: =CONCATENATE(U40,V40,W40) -> INSERT INTO `T_CORE_RPT_COLUMN`(`RPTCO_RPTID`,`RPTCO_ACCN_TYPE`,`RPTCO_TBL_IDX`,`RPTCO_IDX`,`RPTCO_DBCOL`,`RPTCO_CAPTION`,`RPTCO_COLTYPE`,`RPTCO_NUM_PRECISION`,`RPTCO_NUM_NO_ZERO`,`RPTCO_NUM_ACCFORMAT`,`RPTCO_NUM_NEG_ONLY`,`RPTCO_NUM_POS_ONLY`,`RPTCO_NUM_NOSIGN`,`RPTCO_IN_SUBTOTAL`,`RPTCO_IN_TOTAL`,`RPTCO_WIDTH`,`RPTCO_ROW_IDX`,`RPTCO_COL_IDX`,`RPTCO_SHOW`,`RPTCO_SORT_IDX`) VALUES('RPT_JOBS_DISCREPANCY_TO','ACC_TYPE_TO','0','8','TLOC_LOC_NAME_TO','Trip To','T','0','N','0','N','N','N','N','N','50','1','2','Y','-1');
A41: RPT_JOBS_DISCREPANCY_TO | B41: ACC_TYPE_TO | C41: 0 | D41: 9 | E41: DRV_NAME | F41: Driver Name | G41: T | H41: 0 | I41: N | J41: 0 | K41: N | L41: N | M41: N | N41: N | O41: N | P41: 50 | Q41: 1 | R41: 2 | S41: Y | T41: -1 | U41: =CONCATENATE("INSERT INTO `T_CORE_RPT_COLUMN`(`RPTCO_RPTID`,`RPTCO_ACCN_TYPE`,`RPTCO_TBL_IDX`,`RPTCO_IDX`,`RPTCO_DBCOL`,`RPTCO_CAPTION`,`RPTCO_COLTYPE`,`RPTCO_NUM_PRECISION`,`RPTCO_NUM_NO_ZERO`,") -> INSERT INTO `T_CORE_RPT_COLUMN`(`RPTCO_RPTID`,`RPTCO_ACCN_TYPE`,`RPTCO_TBL_IDX`,`RPTCO_IDX`,`RPTCO_DBCOL`,`RPTCO_CAPTION`,`RPTCO_COLTYPE`,`RPTCO_NUM_PRECISION`,`RPTCO_NUM_NO_ZERO`, | V41: =CONCATENATE("`RPTCO_NUM_ACCFORMAT`,`RPTCO_NUM_NEG_ONLY`,`RPTCO_NUM_POS_ONLY`,`RPTCO_NUM_NOSIGN`,`RPTCO_IN_SUBTOTAL`,`RPTCO_IN_TOTAL`,`RPTCO_WIDTH`,`RPTCO_ROW_IDX`,`RPTCO_COL_IDX`,`RPTCO_SHOW`,`RPTCO_SORT_IDX`) ") -> `RPTCO_NUM_ACCFORMAT`,`RPTCO_NUM_NEG_ONLY`,`RPTCO_NUM_POS_ONLY`,`RPTCO_NUM_NOSIGN`,`RPTCO_IN_SUBTOTAL`,`RPTCO_IN_TOTAL`,`RPTCO_WIDTH`,`RPTCO_ROW_IDX`,`RPTCO_COL_IDX`,`RPTCO_SHOW`,`RPTCO_SORT_IDX`) | W41: =CONCATENATE(" VALUES('",A41,"','",B41,"','",C41,"','",D41,"','",E41,"','",F41,"','",G41,"','",H41,"','",I41,"','",J41,"','",K41,"','",L41,"','",M41,"','",N41,"','",O41,"','",P41,"','",Q41,"','",R41,"','",S41,"','",T41,"');") -> VALUES('RPT_JOBS_DISCREPANCY_TO','ACC_TYPE_TO','0','9','DRV_NAME','Driver Name','T','0','N','0','N','N','N','N','N','50','1','2','Y','-1'); | X41: =CONCATENATE(U41,V41,W41) -> INSERT INTO `T_CORE_RPT_COLUMN`(`RPTCO_RPTID`,`RPTCO_ACCN_TYPE`,`RPTCO_TBL_IDX`,`RPTCO_IDX`,`RPTCO_DBCOL`,`RPTCO_CAPTION`,`RPTCO_COLTYPE`,`RPTCO_NUM_PRECISION`,`RPTCO_NUM_NO_ZERO`,`RPTCO_NUM_ACCFORMAT`,`RPTCO_NUM_NEG_ONLY`,`RPTCO_NUM_POS_ONLY`,`RPTCO_NUM_NOSIGN`,`RPTCO_IN_SUBTOTAL`,`RPTCO_IN_TOTAL`,`RPTCO_WIDTH`,`RPTCO_ROW_IDX`,`RPTCO_COL_IDX`,`RPTCO_SHOW`,`RPTCO_SORT_IDX`) VALUES('RPT_JOBS_DISCREPANCY_TO','ACC_TYPE_TO','0','9','DRV_NAME','Driver Name','T','0','N','0','N','N','N','N','N','50','1','2','Y','-1');
A42: RPT_JOBS_DISCREPANCY_TO | B42: ACC_TYPE_TO | C42: 0 | D42: 10 | E42: VH_PLATE_NO | F42: Truck Plate No. | G42: T | H42: 0 | I42: N | J42: 0 | K42: N | L42: N | M42: N | N42: N | O42: N | P42: 50 | Q42: 1 | R42: 2 | S42: Y | T42: -1 | U42: =CONCATENATE("INSERT INTO `T_CORE_RPT_COLUMN`(`RPTCO_RPTID`,`RPTCO_ACCN_TYPE`,`RPTCO_TBL_IDX`,`RPTCO_IDX`,`RPTCO_DBCOL`,`RPTCO_CAPTION`,`RPTCO_COLTYPE`,`RPTCO_NUM_PRECISION`,`RPTCO_NUM_NO_ZERO`,") -> INSERT INTO `T_CORE_RPT_COLUMN`(`RPTCO_RPTID`,`RPTCO_ACCN_TYPE`,`RPTCO_TBL_IDX`,`RPTCO_IDX`,`RPTCO_DBCOL`,`RPTCO_CAPTION`,`RPTCO_COLTYPE`,`RPTCO_NUM_PRECISION`,`RPTCO_NUM_NO_ZERO`, | V42: =CONCATENATE("`RPTCO_NUM_ACCFORMAT`,`RPTCO_NUM_NEG_ONLY`,`RPTCO_NUM_POS_ONLY`,`RPTCO_NUM_NOSIGN`,`RPTCO_IN_SUBTOTAL`,`RPTCO_IN_TOTAL`,`RPTCO_WIDTH`,`RPTCO_ROW_IDX`,`RPTCO_COL_IDX`,`RPTCO_SHOW`,`RPTCO_SORT_IDX`) ") -> `RPTCO_NUM_ACCFORMAT`,`RPTCO_NUM_NEG_ONLY`,`RPTCO_NUM_POS_ONLY`,`RPTCO_NUM_NOSIGN`,`RPTCO_IN_SUBTOTAL`,`RPTCO_IN_TOTAL`,`RPTCO_WIDTH`,`RPTCO_ROW_IDX`,`RPTCO_COL_IDX`,`RPTCO_SHOW`,`RPTCO_SORT_IDX`) | W42: =CONCATENATE(" VALUES('",A42,"','",B42,"','",C42,"','",D42,"','",E42,"','",F42,"','",G42,"','",H42,"','",I42,"','",J42,"','",K42,"','",L42,"','",M42,"','",N42,"','",O42,"','",P42,"','",Q42,"','",R42,"','",S42,"','",T42,"');") -> VALUES('RPT_JOBS_DISCREPANCY_TO','ACC_TYPE_TO','0','10','VH_PLATE_NO','Truck Plate No.','T','0','N','0','N','N','N','N','N','50','1','2','Y','-1'); | X42: =CONCATENATE(U42,V42,W42) -> INSERT INTO `T_CORE_RPT_COLUMN`(`RPTCO_RPTID`,`RPTCO_ACCN_TYPE`,`RPTCO_TBL_IDX`,`RPTCO_IDX`,`RPTCO_DBCOL`,`RPTCO_CAPTION`,`RPTCO_COLTYPE`,`RPTCO_NUM_PRECISION`,`RPTCO_NUM_NO_ZERO`,`RPTCO_NUM_ACCFORMAT`,`RPTCO_NUM_NEG_ONLY`,`RPTCO_NUM_POS_ONLY`,`RPTCO_NUM_NOSIGN`,`RPTCO_IN_SUBTOTAL`,`RPTCO_IN_TOTAL`,`RPTCO_WIDTH`,`RPTCO_ROW_IDX`,`RPTCO_COL_IDX`,`RPTCO_SHOW`,`RPTCO_SORT_IDX`) VALUES('RPT_JOBS_DISCREPANCY_TO','ACC_TYPE_TO','0','10','VH_PLATE_NO','Truck Plate No.','T','0','N','0','N','N','N','N','N','50','1','2','Y','-1');
A43: RPT_JOBS_DISCREPANCY_TO | B43: ACC_TYPE_TO | C43: 0 | D43: 11 | E43: RCD_DT_COMPLETE | F43: Completed Date | G43: D | H43: 0 | I43: N | J43: 0 | K43: N | L43: N | M43: N | N43: N | O43: N | P43: 50 | Q43: 1 | R43: 2 | S43: Y | T43: -1 | U43: =CONCATENATE("INSERT INTO `T_CORE_RPT_COLUMN`(`RPTCO_RPTID`,`RPTCO_ACCN_TYPE`,`RPTCO_TBL_IDX`,`RPTCO_IDX`,`RPTCO_DBCOL`,`RPTCO_CAPTION`,`RPTCO_COLTYPE`,`RPTCO_NUM_PRECISION`,`RPTCO_NUM_NO_ZERO`,") -> INSERT INTO `T_CORE_RPT_COLUMN`(`RPTCO_RPTID`,`RPTCO_ACCN_TYPE`,`RPTCO_TBL_IDX`,`RPTCO_IDX`,`RPTCO_DBCOL`,`RPTCO_CAPTION`,`RPTCO_COLTYPE`,`RPTCO_NUM_PRECISION`,`RPTCO_NUM_NO_ZERO`, | V43: =CONCATENATE("`RPTCO_NUM_ACCFORMAT`,`RPTCO_NUM_NEG_ONLY`,`RPTCO_NUM_POS_ONLY`,`RPTCO_NUM_NOSIGN`,`RPTCO_IN_SUBTOTAL`,`RPTCO_IN_TOTAL`,`RPTCO_WIDTH`,`RPTCO_ROW_IDX`,`RPTCO_COL_IDX`,`RPTCO_SHOW`,`RPTCO_SORT_IDX`) ") -> `RPTCO_NUM_ACCFORMAT`,`RPTCO_NUM_NEG_ONLY`,`RPTCO_NUM_POS_ONLY`,`RPTCO_NUM_NOSIGN`,`RPTCO_IN_SUBTOTAL`,`RPTCO_IN_TOTAL`,`RPTCO_WIDTH`,`RPTCO_ROW_IDX`,`RPTCO_COL_IDX`,`RPTCO_SHOW`,`RPTCO_SORT_IDX`) | W43: =CONCATENATE(" VALUES('",A43,"','",B43,"','",C43,"','",D43,"','",E43,"','",F43,"','",G43,"','",H43,"','",I43,"','",J43,"','",K43,"','",L43,"','",M43,"','",N43,"','",O43,"','",P43,"','",Q43,"','",R43,"','",S43,"','",T43,"');") -> VALUES('RPT_JOBS_DISCREPANCY_TO','ACC_TYPE_TO','0','11','RCD_DT_COMPLETE','Completed Date','D','0','N','0','N','N','N','N','N','50','1','2','Y','-1'); | X43: =CONCATENATE(U43,V43,W43) -> INSERT INTO `T_CORE_RPT_COLUMN`(`RPTCO_RPTID`,`RPTCO_ACCN_TYPE`,`RPTCO_TBL_IDX`,`RPTCO_IDX`,`RPTCO_DBCOL`,`RPTCO_CAPTION`,`RPTCO_COLTYPE`,`RPTCO_NUM_PRECISION`,`RPTCO_NUM_NO_ZERO`,`RPTCO_NUM_ACCFORMAT`,`RPTCO_NUM_NEG_ONLY`,`RPTCO_NUM_POS_ONLY`,`RPTCO_NUM_NOSIGN`,`RPTCO_IN_SUBTOTAL`,`RPTCO_IN_TOTAL`,`RPTCO_WIDTH`,`RPTCO_ROW_IDX`,`RPTCO_COL_IDX`,`RPTCO_SHOW`,`RPTCO_SORT_IDX`) VALUES('RPT_JOBS_DISCREPANCY_TO','ACC_TYPE_TO','0','11','RCD_DT_COMPLETE','Completed Date','D','0','N','0','N','N','N','N','N','50','1','2','Y','-1');
A44: RPT_JOBS_DISCREPANCY_CO | B44: ACC_TYPE_CO | C44: 0 | D44: 1 | E44: JOB_ID | F44: Truck Job ID | G44: T | H44: 0 | I44: N | J44: 0 | K44: N | L44: N | M44: N | N44: N | O44: N | P44: 50 | Q44: 1 | R44: 2 | S44: Y | T44: -1 | U44: =CONCATENATE("INSERT INTO `T_CORE_RPT_COLUMN`(`RPTCO_RPTID`,`RPTCO_ACCN_TYPE`,`RPTCO_TBL_IDX`,`RPTCO_IDX`,`RPTCO_DBCOL`,`RPTCO_CAPTION`,`RPTCO_COLTYPE`,`RPTCO_NUM_PRECISION`,`RPTCO_NUM_NO_ZERO`,") -> INSERT INTO `T_CORE_RPT_COLUMN`(`RPTCO_RPTID`,`RPTCO_ACCN_TYPE`,`RPTCO_TBL_IDX`,`RPTCO_IDX`,`RPTCO_DBCOL`,`RPTCO_CAPTION`,`RPTCO_COLTYPE`,`RPTCO_NUM_PRECISION`,`RPTCO_NUM_NO_ZERO`, | V44: =CONCATENATE("`RPTCO_NUM_ACCFORMAT`,`RPTCO_NUM_NEG_ONLY`,`RPTCO_NUM_POS_ONLY`,`RPTCO_NUM_NOSIGN`,`RPTCO_IN_SUBTOTAL`,`RPTCO_IN_TOTAL`,`RPTCO_WIDTH`,`RPTCO_ROW_IDX`,`RPTCO_COL_IDX`,`RPTCO_SHOW`,`RPTCO_SORT_IDX`) ") -> `RPTCO_NUM_ACCFORMAT`,`RPTCO_NUM_NEG_ONLY`,`RPTCO_NUM_POS_ONLY`,`RPTCO_NUM_NOSIGN`,`RPTCO_IN_SUBTOTAL`,`RPTCO_IN_TOTAL`,`RPTCO_WIDTH`,`RPTCO_ROW_IDX`,`RPTCO_COL_IDX`,`RPTCO_SHOW`,`RPTCO_SORT_IDX`) | W44: =CONCATENATE(" VALUES('",A44,"','",B44,"','",C44,"','",D44,"','",E44,"','",F44,"','",G44,"','",H44,"','",I44,"','",J44,"','",K44,"','",L44,"','",M44,"','",N44,"','",O44,"','",P44,"','",Q44,"','",R44,"','",S44,"','",T44,"');") -> VALUES('RPT_JOBS_DISCREPANCY_CO','ACC_TYPE_CO','0','1','JOB_ID','Truck Job ID','T','0','N','0','N','N','N','N','N','50','1','2','Y','-1'); | X44: =CONCATENATE(U44,V44,W44) -> INSERT INTO `T_CORE_RPT_COLUMN`(`RPTCO_RPTID`,`RPTCO_ACCN_TYPE`,`RPTCO_TBL_IDX`,`RPTCO_IDX`,`RPTCO_DBCOL`,`RPTCO_CAPTION`,`RPTCO_COLTYPE`,`RPTCO_NUM_PRECISION`,`RPTCO_NUM_NO_ZERO`,`RPTCO_NUM_ACCFORMAT`,`RPTCO_NUM_NEG_ONLY`,`RPTCO_NUM_POS_ONLY`,`RPTCO_NUM_NOSIGN`,`RPTCO_IN_SUBTOTAL`,`RPTCO_IN_TOTAL`,`RPTCO_WIDTH`,`RPTCO_ROW_IDX`,`RPTCO_COL_IDX`,`RPTCO_SHOW`,`RPTCO_SORT_IDX`) VALUES('RPT_JOBS_DISCREPANCY_CO','ACC_TYPE_CO','0','1','JOB_ID','Truck Job ID','T','0','N','0','N','N','N','N','N','50','1','2','Y','-1');
... A54: RPT_JOBS_DISCREPANCY_CO | B54: ACC_TYPE_CO | C54: 0 | D54: 11 | E54: RCD_DT_COMPLETE | F54: Completed Date | G54: D | H54: 0 | I54: N | J54: 0 | K54: N | L54: N | M54: N | N54: N | O54: N | P54: 50 | Q54: 1 | R54: 2 | S54: Y | T54: -1 | U54: =CONCATENATE("INSERT INTO `T_CORE_RPT_COLUMN`(`RPTCO_RPTID`,`RPTCO_ACCN_TYPE`,`RPTCO_TBL_IDX`,`RPTCO_IDX`,`RPTCO_DBCOL`,`RPTCO_CAPTION`,`RPTCO_COLTYPE`,`RPTCO_NUM_PRECISION`,`RPTCO_NUM_NO_ZERO`,") -> INSERT INTO `T_CORE_RPT_COLUMN`(`RPTCO_RPTID`,`RPTCO_ACCN_TYPE`,`RPTCO_TBL_IDX`,`RPTCO_IDX`,`RPTCO_DBCOL`,`RPTCO_CAPTION`,`RPTCO_COLTYPE`,`RPTCO_NUM_PRECISION`,`RPTCO_NUM_NO_ZERO`, | V54: =CONCATENATE("`RPTCO_NUM_ACCFORMAT`,`RPTCO_NUM_NEG_ONLY`,`RPTCO_NUM_POS_ONLY`,`RPTCO_NUM_NOSIGN`,`RPTCO_IN_SUBTOTAL`,`RPTCO_IN_TOTAL`,`RPTCO_WIDTH`,`RPTCO_ROW_IDX`,`RPTCO_COL_IDX`,`RPTCO_SHOW`,`RPTCO_SORT_IDX`) ") -> `RPTCO_NUM_ACCFORMAT`,`RPTCO_NUM_NEG_ONLY`,`RPTCO_NUM_POS_ONLY`,`RPTCO_NUM_NOSIGN`,`RPTCO_IN_SUBTOTAL`,`RPTCO_IN_TOTAL`,`RPTCO_WIDTH`,`RPTCO_ROW_IDX`,`RPTCO_COL_IDX`,`RPTCO_SHOW`,`RPTCO_SORT_IDX`) | W54: =CONCATENATE(" VALUES('",A54,"','",B54,"','",C54,"','",D54,"','",E54,"','",F54,"','",G54,"','",H54,"','",I54,"','",J54,"','",K54,"','",L54,"','",M54,"','",N54,"','",O54,"','",P54,"','",Q54,"','",R54,"','",S54,"','",T54,"');") -> VALUES('RPT_JOBS_DISCREPANCY_CO','ACC_TYPE_CO','0','11','RCD_DT_COMPLETE','Completed Date','D','0','N','0','N','N','N','N','N','50','1','2','Y','-1'); | X54: =CONCATENATE(U54,V54,W54) -> INSERT INTO `T_CORE_RPT_COLUMN`(`RPTCO_RPTID`,`RPTCO_ACCN_TYPE`,`RPTCO_TBL_IDX`,`RPTCO_IDX`,`RPTCO_DBCOL`,`RPTCO_CAPTION`,`RPTCO_COLTYPE`,`RPTCO_NUM_PRECISION`,`RPTCO_NUM_NO_ZERO`,`RPTCO_NUM_ACCFORMAT`,`RPTCO_NUM_NEG_ONLY`,`RPTCO_NUM_POS_ONLY`,`RPTCO_NUM_NOSIGN`,`RPTCO_IN_SUBTOTAL`,`RPTCO_IN_TOTAL`,`RPTCO_WIDTH`,`RPTCO_ROW_IDX`,`RPTCO_COL_IDX`,`RPTCO_SHOW`,`RPTCO_SORT_IDX`) VALUES('RPT_JOBS_DISCREPANCY_CO','ACC_TYPE_CO','0','11','RCD_DT_COMPLETE','Completed Date','D','0','N','0','N','N','N','N','N','50','1','2','Y','-1');

Sheet GrantRoleEx
A1: GNTRLEX_APPS_CODE | B1: GNTRLEX_ROLE_ID | C1: GNTRLEX_PERM_ID | D1: MENU NAME | E1: GNTRLEX_STATUS | F1: SQL
A2: CK | B2: SYS_SUPER_ADMIN | C2: PM008 | D2: =VLOOKUP(C2,PermEx!$A$1:$I$25,9,FALSE) -> Announcement Type | E2: A | F2: =CONCATENATE("INSERT INTO `T_CORE_GRANT_ROLE_EX` (`GNTRLEX_APPS_CODE`, `GNTRLEX_ROLE_ID`, `GNTRLEX_PERM_ID`, `GNTRLEX_STATUS`, `GNTRLEX_DT_CREATE`, `GNTRLEX_UID_CREATE`) VALUES ('",A2,"', '",B2,"', '",C2,"', 'A', NOW(), 'SYS');") -> INSERT INTO `T_CORE_GRANT_ROLE_EX` (`GNTRLEX_APPS_CODE`, `GNTRLEX_ROLE_ID`, `GNTRLEX_PERM_ID`, `GNTRLEX_STATUS`, `GNTRLEX_DT_CREATE`, `GNTRLEX_UID_CREATE`) VALUES ('CK', 'SYS_SUPER_ADMIN', 'PM008', 'A', NOW(), 'SYS');
A3: CK | B3: SYS_SUPER_ADMIN | C3: PM009 | D3: =VLOOKUP(C3,PermEx!$A$1:$I$25,9,FALSE) -> Country Codes | E3: A | F3: =CONCATENATE("INSERT INTO `T_CORE_GRANT_ROLE_EX` (`GNTRLEX_APPS_CODE`, `GNTRLEX_ROLE_ID`, `GNTRLEX_PERM_ID`, `GNTRLEX_STATUS`, `GNTRLEX_DT_CREATE`, `GNTRLEX_UID_CREATE`) VALUES ('",A3,"', '",B3,"', '",C3,"', 'A', NOW(), 'SYS');") -> INSERT INTO `T_CORE_GRANT_ROLE_EX` (`GNTRLEX_APPS_CODE`, `GNTRLEX_ROLE_ID`, `GNTRLEX_PERM_ID`, `GNTRLEX_STATUS`, `GNTRLEX_DT_CREATE`, `GNTRLEX_UID_CREATE`) VALUES ('CK', 'SYS_SUPER_ADMIN', 'PM009', 'A', NOW(), 'SYS');
A4: CK | B4: SYS_SUPER_ADMIN | C4: PM010 | D4: =VLOOKUP(C4,PermEx!$A$1:$I$25,9,FALSE) -> Currency Code | E4: A | F4: =CONCATENATE("INSERT INTO `T_CORE_GRANT_ROLE_EX` (`GNTRLEX_APPS_CODE`, `GNTRLEX_ROLE_ID`, `GNTRLEX_PERM_ID`, `GNTRLEX_STATUS`, `GNTRLEX_DT_CREATE`, `GNTRLEX_UID_CREATE`) VALUES ('",A4,"', '",B4,"', '",C4,"', 'A', NOW(), 'SYS');") -> INSERT INTO `T_CORE_GRANT_ROLE_EX` (`GNTRLEX_APPS_CODE`, `GNTRLEX_ROLE_ID`, `GNTRLEX_PERM_ID`, `GNTRLEX_STATUS`, `GNTRLEX_DT_CREATE`, `GNTRLEX_UID_CREATE`) VALUES ('CK', 'SYS_SUPER_ADMIN', 'PM010', 'A', NOW(), 'SYS');
A5: CK | B5: SYS_SUPER_ADMIN | C5: PM011 | D5: =VLOOKUP(C5,PermEx!$A$1:$I$25,9,FALSE) -> Harmonized System Codes | E5: A | F5: =CONCATENATE("INSERT INTO `T_CORE_GRANT_ROLE_EX` (`GNTRLEX_APPS_CODE`, `GNTRLEX_ROLE_ID`, `GNTRLEX_PERM_ID`, `GNTRLEX_STATUS`, `GNTRLEX_DT_CREATE`, `GNTRLEX_UID_CREATE`) VALUES ('",A5,"', '",B5,"', '",C5,"', 'A', NOW(), 'SYS');") -> INSERT INTO `T_CORE_GRANT_ROLE_EX` (`GNTRLEX_APPS_CODE`, `GNTRLEX_ROLE_ID`, `GNTRLEX_PERM_ID`, `GNTRLEX_STATUS`, `GNTRLEX_DT_CREATE`, `GNTRLEX_UID_CREATE`) VALUES ('CK', 'SYS_SUPER_ADMIN', 'PM011', 'A', NOW(), 'SYS');
A6: CK | B6: SYS_SUPER_ADMIN | C6: PM012 | D6: =VLOOKUP(C6,PermEx!$A$1:$I$25,9,FALSE) -> Notification Templates | E6: A | F6: =CONCATENATE("INSERT INTO `T_CORE_GRANT_ROLE_EX` (`GNTRLEX_APPS_CODE`, `GNTRLEX_ROLE_ID`, `GNTRLEX_PERM_ID`, `GNTRLEX_STATUS`, `GNTRLEX_DT_CREATE`, `GNTRLEX_UID_CREATE`) VALUES ('",A6,"', '",B6,"', '",C6,"', 'A', NOW(), 'SYS');") -> INSERT INTO `T_CORE_GRANT_ROLE_EX` (`GNTRLEX_APPS_CODE`, `GNTRLEX_ROLE_ID`, `GNTRLEX_PERM_ID`, `GNTRLEX_STATUS`, `GNTRLEX_DT_CREATE`, `GNTRLEX_UID_CREATE`) VALUES ('CK', 'SYS_SUPER_ADMIN', 'PM012', 'A', NOW(), 'SYS');
A7: CK | B7: SYS_SUPER_ADMIN | C7: PM013 | D7: =VLOOKUP(C7,PermEx!$A$1:$I$25,9,FALSE) -> Port Codes | E7: A | F7: =CONCATENATE("INSERT INTO `T_CORE_GRANT_ROLE_EX` (`GNTRLEX_APPS_CODE`, `GNTRLEX_ROLE_ID`, `GNTRLEX_PERM_ID`, `GNTRLEX_STATUS`, `GNTRLEX_DT_CREATE`, `GNTRLEX_UID_CREATE`) VALUES ('",A7,"', '",B7,"', '",C7,"', 'A', NOW(), 'SYS');") -> INSERT INTO `T_CORE_GRANT_ROLE_EX` (`GNTRLEX_APPS_CODE`, `GNTRLEX_ROLE_ID`, `GNTRLEX_PERM_ID`, `GNTRLEX_STATUS`, `GNTRLEX_DT_CREATE`, `GNTRLEX_UID_CREATE`) VALUES ('CK', 'SYS_SUPER_ADMIN', 'PM013', 'A', NOW(), 'SYS');
A8: CK | B8: SYS_SUPER_ADMIN | C8: PM014 | D8: =VLOOKUP(C8,PermEx!$A$1:$I$25,9,FALSE) -> Port Terminal | E8: A | F8: =CONCATENATE("INSERT INTO `T_CORE_GRANT_ROLE_EX` (`GNTRLEX_APPS_CODE`, `GNTRLEX_ROLE_ID`, `GNTRLEX_PERM_ID`, `GNTRLEX_STATUS`, `GNTRLEX_DT_CREATE`, `GNTRLEX_UID_CREATE`) VALUES ('",A8,"', '",B8,"', '",C8,"', 'A', NOW(), 'SYS');") -> INSERT INTO `T_CORE_GRANT_ROLE_EX` (`GNTRLEX_APPS_CODE`, `GNTRLEX_ROLE_ID`, `GNTRLEX_PERM_ID`, `GNTRLEX_STATUS`, `GNTRLEX_DT_CREATE`, `GNTRLEX_UID_CREATE`) VALUES ('CK', 'SYS_SUPER_ADMIN', 'PM014', 'A', NOW(), 'SYS');
A9: CK | B9: SYS_SUPER_ADMIN | C9: PM015 | D9: =VLOOKUP(C9,PermEx!$A$1:$I$25,9,FALSE) -> UOM Codes | E9: A | F9: =CONCATENATE("INSERT INTO `T_CORE_GRANT_ROLE_EX` (`GNTRLEX_APPS_CODE`, `GNTRLEX_ROLE_ID`, `GNTRLEX_PERM_ID`, `GNTRLEX_STATUS`, `GNTRLEX_DT_CREATE`, `GNTRLEX_UID_CREATE`) VALUES ('",A9,"', '",B9,"', '",C9,"', 'A', NOW(), 'SYS');") -> INSERT INTO `T_CORE_GRANT_ROLE_EX` (`GNTRLEX_APPS_CODE`, `GNTRLEX_ROLE_ID`, `GNTRLEX_PERM_ID`, `GNTRLEX_STATUS`, `GNTRLEX_DT_CREATE`, `GNTRLEX_UID_CREATE`) VALUES ('CK', 'SYS_SUPER_ADMIN', 'PM015', 'A', NOW(), 'SYS');
A10: CK | B10: SYS_SUPER_ADMIN | C10: PM016 | D10: =VLOOKUP(C10,PermEx!$A$1:$I$25,9,FALSE) -> System Administrations | E10: A | F10: =CONCATENATE("INSERT INTO `T_CORE_GRANT_ROLE_EX` (`GNTRLEX_APPS_CODE`, `GNTRLEX_ROLE_ID`, `GNTRLEX_PERM_ID`, `GNTRLEX_STATUS`, `GNTRLEX_DT_CREATE`, `GNTRLEX_UID_CREATE`) VALUES ('",A10,"', '",B10,"', '",C10,"', 'A', NOW(), 'SYS');") -> INSERT INTO `T_CORE_GRANT_ROLE_EX` (`GNTRLEX_APPS_CODE`, `GNTRLEX_ROLE_ID`, `GNTRLEX_PERM_ID`, `GNTRLEX_STATUS`, `GNTRLEX_DT_CREATE`, `GNTRLEX_UID_CREATE`) VALUES ('CK', 'SYS_SUPER_ADMIN', 'PM016', 'A', NOW(), 'SYS');
A11: CK | B11: SYS_SUPER_ADMIN | C11: PM017 | D11: =VLOOKUP(C11,PermEx!$A$1:$I$25,9,FALSE) -> Announcement Setup | E11: A | F11: =CONCATENATE("INSERT INTO `T_CORE_GRANT_ROLE_EX` (`GNTRLEX_APPS_CODE`, `GNTRLEX_ROLE_ID`, `GNTRLEX_PERM_ID`, `GNTRLEX_STATUS`, `GNTRLEX_DT_CREATE`, `GNTRLEX_UID_CREATE`) VALUES ('",A11,"', '",B11,"', '",C11,"', 'A', NOW(), 'SYS');") -> INSERT INTO `T_CORE_GRANT_ROLE_EX` (`GNTRLEX_APPS_CODE`, `GNTRLEX_ROLE_ID`, `GNTRLEX_PERM_ID`, `GNTRLEX_STATUS`, `GNTRLEX_DT_CREATE`, `GNTRLEX_UID_CREATE`) VALUES ('CK', 'SYS_SUPER_ADMIN', 'PM017', 'A', NOW(), 'SYS');
A12: CK | B12: SYS_SUPER_ADMIN | C12: PM018 | D12: =VLOOKUP(C12,PermEx!$A$1:$I$25,9,FALSE) -> Notification Preferences | E12: A | F12: =CONCATENATE("INSERT INTO `T_CORE_GRANT_ROLE_EX` (`GNTRLEX_APPS_CODE`, `GNTRLEX_ROLE_ID`, `GNTRLEX_PERM_ID`, `GNTRLEX_STATUS`, `GNTRLEX_DT_CREATE`, `GNTRLEX_UID_CREATE`) VALUES ('",A12,"', '",B12,"', '",C12,"', 'A', NOW(), 'SYS');") -> INSERT INTO `T_CORE_GRANT_ROLE_EX` (`GNTRLEX_APPS_CODE`, `GNTRLEX_ROLE_ID`, `GNTRLEX_PERM_ID`, `GNTRLEX_STATUS`, `GNTRLEX_DT_CREATE`, `GNTRLEX_UID_CREATE`) VALUES ('CK', 'SYS_SUPER_ADMIN', 'PM018', 'A', NOW(), 'SYS');
A13: CK | B13: SYS_SUPER_ADMIN | C13: PM019 | D13: =VLOOKUP(C13,PermEx!$A$1:$I$25,9,FALSE) -> System Parameters | E13: A | F13: =CONCATENATE("INSERT INTO `T_CORE_GRANT_ROLE_EX` (`GNTRLEX_APPS_CODE`, `GNTRLEX_ROLE_ID`, `GNTRLEX_PERM_ID`, `GNTRLEX_STATUS`, `GNTRLEX_DT_CREATE`, `GNTRLEX_UID_CREATE`) VALUES ('",A13,"', '",B13,"', '",C13,"', 'A', NOW(), 'SYS');") -> INSERT INTO `T_CORE_GRANT_ROLE_EX` (`GNTRLEX_APPS_CODE`, `GNTRLEX_ROLE_ID`, `GNTRLEX_PERM_ID`, `GNTRLEX_STATUS`, `GNTRLEX_DT_CREATE`, `GNTRLEX_UID_CREATE`) VALUES ('CK', 'SYS_SUPER_ADMIN', 'PM019', 'A', NOW(), 'SYS');
... A26: CK | B26: FINANCE | C26: PM001 | D26: =VLOOKUP(C26,PermEx!$A$1:$I$25,9,FALSE) -> Payments | E26: A | F26: =CONCATENATE("INSERT INTO `T_CORE_GRANT_ROLE_EX` (`GNTRLEX_APPS_CODE`, `GNTRLEX_ROLE_ID`, `GNTRLEX_PERM_ID`, `GNTRLEX_STATUS`, `GNTRLEX_DT_CREATE`, `GNTRLEX_UID_CREATE`) VALUES ('",A26,"', '",B26,"', '",C26,"', 'A', NOW(), 'SYS');") -> INSERT INTO `T_CORE_GRANT_ROLE_EX` (`GNTRLEX_APPS_CODE`, `GNTRLEX_ROLE_ID`, `GNTRLEX_PERM_ID`, `GNTRLEX_STATUS`, `GNTRLEX_DT_CREATE`, `GNTRLEX_UID_CREATE`) VALUES ('CK', 'FINANCE', 'PM001', 'A', NOW(), 'SYS');
A27: CK | B27: OFFICER | C27: PM006 | D27: =VLOOKUP(C27,PermEx!$A$1:$I$25,9,FALSE) -> Help | F27: =CONCATENATE("INSERT INTO `T_CORE_GRANT_ROLE_EX` (`GNTRLEX_APPS_CODE`, `GNTRLEX_ROLE_ID`, `GNTRLEX_PERM_ID`, `GNTRLEX_STATUS`, `GNTRLEX_DT_CREATE`, `GNTRLEX_UID_CREATE`) VALUES ('",A27,"', '",B27,"', '",C27,"', 'A', NOW(), 'SYS');") -> INSERT INTO `T_CORE_GRANT_ROLE_EX` (`GNTRLEX_APPS_CODE`, `GNTRLEX_ROLE_ID`, `GNTRLEX_PERM_ID`, `GNTRLEX_STATUS`, `GNTRLEX_DT_CREATE`, `GNTRLEX_UID_CREATE`) VALUES ('CK', 'OFFICER', 'PM006', 'A', NOW(), 'SYS');
A28: CK | B28: OFFICER | C28: PM007 | D28: =VLOOKUP(C28,PermEx!$A$1:$I$25,9,FALSE) -> Master Table | E28: A | F28: =CONCATENATE("INSERT INTO `T_CORE_GRANT_ROLE_EX` (`GNTRLEX_APPS_CODE`, `GNTRLEX_ROLE_ID`, `GNTRLEX_PERM_ID`, `GNTRLEX_STATUS`, `GNTRLEX_DT_CREATE`, `GNTRLEX_UID_CREATE`) VALUES ('",A28,"', '",B28,"', '",C28,"', 'A', NOW(), 'SYS');") -> INSERT INTO `T_CORE_GRANT_ROLE_EX` (`GNTRLEX_APPS_CODE`, `GNTRLEX_ROLE_ID`, `GNTRLEX_PERM_ID`, `GNTRLEX_STATUS`, `GNTRLEX_DT_CREATE`, `GNTRLEX_UID_CREATE`) VALUES ('CK', 'OFFICER', 'PM007', 'A', NOW(), 'SYS');
A29: CK | B29: OFFICER_FINANCE | C29: PM001 | D29: =VLOOKUP(C29,PermEx!$A$1:$I$25,9,FALSE) -> Payments | E29: A | F29: =CONCATENATE("INSERT INTO `T_CORE_GRANT_ROLE_EX` (`GNTRLEX_APPS_CODE`, `GNTRLEX_ROLE_ID`, `GNTRLEX_PERM_ID`, `GNTRLEX_STATUS`, `GNTRLEX_DT_CREATE`, `GNTRLEX_UID_CREATE`) VALUES ('",A29,"', '",B29,"', '",C29,"', 'A', NOW(), 'SYS');") -> INSERT INTO `T_CORE_GRANT_ROLE_EX` (`GNTRLEX_APPS_CODE`, `GNTRLEX_ROLE_ID`, `GNTRLEX_PERM_ID`, `GNTRLEX_STATUS`, `GNTRLEX_DT_CREATE`, `GNTRLEX_UID_CREATE`) VALUES ('CK', 'OFFICER_FINANCE', 'PM001', 'A', NOW(), 'SYS');
A30: CK | B30: FINANCE | C30: PM000 | D30: =VLOOKUP(C30,PermEx!$A$1:$I$25,9,FALSE) -> Services | E30: A | F30: =CONCATENATE("INSERT INTO `T_CORE_GRANT_ROLE_EX` (`GNTRLEX_APPS_CODE`, `GNTRLEX_ROLE_ID`, `GNTRLEX_PERM_ID`, `GNTRLEX_STATUS`, `GNTRLEX_DT_CREATE`, `GNTRLEX_UID_CREATE`) VALUES ('",A30,"', '",B30,"', '",C30,"', 'A', NOW(), 'SYS');") -> INSERT INTO `T_CORE_GRANT_ROLE_EX` (`GNTRLEX_APPS_CODE`, `GNTRLEX_ROLE_ID`, `GNTRLEX_PERM_ID`, `GNTRLEX_STATUS`, `GNTRLEX_DT_CREATE`, `GNTRLEX_UID_CREATE`) VALUES ('CK', 'FINANCE', 'PM000', 'A', NOW(), 'SYS');
A31: CK | B31: FINANCE | C31: PM006 | D31: =VLOOKUP(C31,PermEx!$A$1:$I$25,9,FALSE) -> Help | F31: =CONCATENATE("INSERT INTO `T_CORE_GRANT_ROLE_EX` (`GNTRLEX_APPS_CODE`, `GNTRLEX_ROLE_ID`, `GNTRLEX_PERM_ID`, `GNTRLEX_STATUS`, `GNTRLEX_DT_CREATE`, `GNTRLEX_UID_CREATE`) VALUES ('",A31,"', '",B31,"', '",C31,"', 'A', NOW(), 'SYS');") -> INSERT INTO `T_CORE_GRANT_ROLE_EX` (`GNTRLEX_APPS_CODE`, `GNTRLEX_ROLE_ID`, `GNTRLEX_PERM_ID`, `GNTRLEX_STATUS`, `GNTRLEX_DT_CREATE`, `GNTRLEX_UID_CREATE`) VALUES ('CK', 'FINANCE', 'PM006', 'A', NOW(), 'SYS');
